	Pollutant_PubChem_CID	Pollutant_name	Drug_PubChem_CID	Drug_name	Tanimoto
129	6435890	ABAMECTIN	6419869	AVERMECTIN B1	0.9745762711864406
745	12296604	NICLOSAMIDE MONOHYDRATE	4477	NICLOSAMIDE	0.9361702127659575
842	7175	PROPYLPARABEN	7184	BUTYLPARABEN	0.8333333333333334
438	11650986	EMAMECTIN BENZOATE	6419869	AVERMECTIN B1	0.8148148148148149
501	93365	FENPROPIMORPH	54260	AMOROLFINE HYDROCHLORIDE	0.7884615384615384
319	54682651	COUMACHLOR	54676537	ACENOCOUMAROL	0.7543859649122807
253	25429	CARBENDAZIM	4030	MEBENDAZOLE	0.6875
465	8434	ETHYLPARABEN	7184	BUTYLPARABEN	0.6842105263157895
320	54689800	COUMAFURYL	54676537	ACENOCOUMAROL	0.6833333333333333
92	6914	2,4,6-TRICHLOROPHENOL	2406	BITHIONOL	0.6799999999999999
918	5338	SULFAQUINOXALINE	5336	SULFAPYRIDINE	0.6511627906976745
169	18752	ASULAM	11033	SULFACARBAMIDE	0.641025641025641
449	91673	ETACONAZOL	441383	TERCONAZOLE	0.6329113924050633
861	93486	PYRIBUTICARB	3936	LIRANAFTATE	0.625
78	1489	2,4-DB; 4-(2,4-DICHLOROPHENOXY)BUTYRIC ACID	65394	FENCLOFENAC	0.6222222222222222
608	173636	IMAZALIL SULFATE	4189	MICONAZOLE	0.6190476190476191
836	43234	PROPICONAZOLE	441383	TERCONAZOLE	0.617283950617284
361	3026	DIBUTYL PHTHALATE	7184	BUTYLPARABEN	0.6153846153846154
638	39681	ISOPROTHIOLANE	4006	MALOTILATE	0.6111111111111112
76	1486	2,4-D; 2,4-DICHLOROPHENOXYACETIC ACID	65394	FENCLOFENAC	0.6046511627906976
569	91727	FLUTRIAFOL	3365	FLUCONAZOLE	0.5961538461538461
81	8449	2,4-DICHLOROPHENOL	5564	TRICLOSAN	0.5806451612903225
515	7560	FENURON	904	ACETANILIDE	0.5806451612903225
272	10522	CHLORBENZILAT	2796	CLOFIBRATE	0.5777777777777777
80	5787	2,4-DICHLOROBENZOIC ACID	3946	LOBENZARIT DISODIUM	0.5675675675675675
101	802	3-INDOLYLACETIC ACID	6305	L-TRYPTOPHAN	0.5652173913043479
387	86173	DIFENOCONAZOL	441383	TERCONAZOLE	0.5647058823529412
126	79222	6-CHLORONICOTINIC ACID	938	NIACIN	0.5625
350	4284	DEET; N,N-DIETHYL-M-TOLUAMIDE	5497	NIKETHAMIDE	0.5609756097560976
833	4937	PROPAZIN	71169	ISAXONINE	0.5483870967741935
113	31242	4-ETHYLPHENOL	448537	DIETHYLSTILBESTROL	0.5483870967741935
995	627458	TRICLOSAN-METHYL	5564	TRICLOSAN	0.5405405405405406
206	13762	BENZYLDIMETHYLDECYLAMMONIUM CHLORIDE	19667	BEPHENIUM HYDROXYNAPHTHOATE	0.5365853658536586
115	1752	4-N-NONYLPHENOL	7184	BUTYLPARABEN	0.5365853658536586
500	91694	FENPROPIDIN	54260	AMOROLFINE HYDROCHLORIDE	0.5344827586206897
94	5784	2,5-DICHLOROBENZOIC ACID	3946	LOBENZARIT DISODIUM	0.5263157894736843
287	13836	CHLORMEQUAT CHLORIDE	3604	HEXAMETHONIUM DIBROMIDE DIHYDRATE	0.5238095238095238
421	31386	DIPHENYL SULFONE	2955	DAPSONE	0.5217391304347826
107	8617	4-(3-INDOLYL)-BUTYRIC ACID	6305	L-TRYPTOPHAN	0.52
1062	5641	URETHANE	2551	CARBACHOL CHLORIDE	0.5161290322580645
835	24685	PROPHAM	904	ACETANILIDE	0.5142857142857142
892	28710564	S-METOLACHLOR METABOLITE CGA 50720	170344	ETIFENIN	0.5102040816326531
404	5889665	DIMETHOMORPH (MIXTURE OF E AND Z ISOMERS)	12478	TRIMETOZINE	0.5087719298245614
550	11057755	FLUMORPH (MIXTURE OF E AND Z ISOMERS)	12478	TRIMETOZINE	0.5
664	7204	MCPA	3278	ETHACRYNIC ACID	0.5
179	43233	AZACONAZOL, VETRANAL	441383	TERCONAZOLE	0.5
825	4929	PROMETRYN	71169	ISAXONINE	0.5
601	66461	HEXACONAZOL	3365	FLUCONAZOLE	0.5
824	4928	PROMETON	71169	ISAXONINE	0.5
727	8693	MGK 326	7184	BUTYLPARABEN	0.5
41	6861	1-NAPHTHYLACETAMIDE	151075	NEPAFENAC	0.5
1064	289	CATECHOL	460	GUAIACOL	0.5
344	11707647	CYPROSULFAMIDE	3488	GLIBENCLAMIDE	0.4933333333333333
77	1490	2,4-DB-METHYL ESTER	4380	CLORGYLINE HYDROCHLORIDE	0.49090909090909096
67	18105	2,3-DICHLOROPHENOXYACETIC ACID	3278	ETHACRYNIC ACID	0.4901960784313726
890	71312479	S-METOLACHLOR METABOLITE CGA 368208	3676	LIDOCAINE HYDROCHLORIDE	0.4901960784313726
317	22883	CLOXYFONAC	65394	FENCLOFENAC	0.4897959183673469
424	8559	DIPROPYL PHTHALATE	7184	BUTYLPARABEN	0.4878048780487805
224	54680085	BROMADIOLON	54676537	ACENOCOUMAROL	0.48571428571428577
1025	12111	BISPHENOL F	7638	MONOBENZONE	0.4838709677419355
1021	7000	O-ANISIDINE	460	GUAIACOL	0.4838709677419355
905	517546	SODIUM DIETHYLDITHIOCARBAMATE TRIHYDRATE	3117	DISULFIRAM	0.48275862068965514
1026	6626	BISPHENOL S	2955	DAPSONE	0.4814814814814815
110	7812	4-CHLOROANILINE	2955	DAPSONE	0.48
526	46835486	FLONICAMID METABOLITE TFNG	464	HIPPURIC ACID	0.4782608695652174
435	17110	DODIN	2468	BUFORMIN	0.47619047619047616
753	338733	NONYLPHENOL (TECHNICAL MIXTURE)	3606	HEXESTROL	0.475
487	90590	FENFURAM	904	ACETANILIDE	0.4736842105263158
1024	66166	BISPHENOL B	448537	DIETHYLSTILBESTROL	0.4722222222222222
42	6862	1-NAPHTHYLACETIC ACID	3332	FELBINAC	0.4722222222222222
119	6643	4-TERT-AMYLPHENOL	448537	DIETHYLSTILBESTROL	0.4722222222222222
74	7206	2,4-D-1-BUTYL ESTER	4039	MECLOFENOXATE HYDROCHLORIDE	0.4716981132075472
194	27195	BENODANIL; 2-IODOBENZANILIDE	904	ACETANILIDE	0.47058823529411764
942	22188	TERBACIL	18087	CLOPIDOL	0.47058823529411764
93	7262	2,5-DICHLOROANILINE	3752	IRSOGLADINE MALEATE	0.47058823529411764
885	7406	RTFCUMENE	6179	MEBANAZINE	0.4666666666666667
794	19188	PHENOXYACETIC ACID	2313	BENDAZAC	0.4666666666666667
665	124202633	MCPA SODIUM MONOHYDRATE	3278	ETHACRYNIC ACID	0.4655172413793104
70	13636	2,3,5,6-TETRACHLOROPHENOL	2406	BITHIONOL	0.4642857142857143
793	996	PHENOL	7638	MONOBENZONE	0.4642857142857143
82	1493	2,4-DINITROPHENOL	19910	NITROXOLINE	0.46341463414634143
128	1923	8-HYDROXYQUINOLINE	19910	NITROXOLINE	0.46153846153846156
497	51605	FENOXYCARB	4754	PHENACETIN	0.45999999999999996
353	24743	DESMEDIPHAM	4754	PHENACETIN	0.45999999999999996
552	16562	FLUOMETURON	3371	FLUFENAMIC ACID	0.45999999999999996
214	8343	BIS-(2-ETHYLHEXYL) PHTHALATE	3338	FENIPENTOL	0.4565217391304348
385	91742	DIETHOFENCARB	14130	BUCETIN	0.45614035087719296
252	6129	CARBARYL	4990	PYRICARBATE	0.4545454545454546
826	4931	PROPACHLOR	7029	AMFEPRAMONE HYDROCHLORIDE	0.4545454545454546
499	47326	FENPROPATHRIN	156610540	FENOPROFEN CALCIUM SALT DIHYDRATE	0.4545454545454546
234	3444	BROMUCONAZOL	441383	TERCONAZOLE	0.4534883720930233
471	3314	EUGENOL	9363	ETHAMIVAN	0.4528301886792453
751	15787	NITROFEN	5564	TRICLOSAN	0.45238095238095233
851	32597	PYRACARBOLID	904	ACETANILIDE	0.45238095238095233
118	7103	4-PHENYLPHENOL	7638	MONOBENZONE	0.4516129032258065
433	10800	DNOC	4659569	TOLCAPONE	0.44897959183673475
99	11335	2,6-DIMETHYLPHENOL	4943	PROPOFOL	0.4482758620689655
516	3347	FENVALERATE	156610540	FENOPROFEN CALCIUM SALT DIHYDRATE	0.4482758620689655
61	7017	2-HYDROXYBIPHENYL	2950	DANTHRON	0.4482758620689655
448	10342051	ESFENVALERATE	156610540	FENOPROFEN CALCIUM SALT DIHYDRATE	0.4482758620689655
87	1480	2,4,5-T; 2,4,5-TRICHLOROPHENOXYACETIC ACID	3561	HALOPROGIN	0.4473684210526315
575	93379	FORCHLORFENURON	904	ACETANILIDE	0.4473684210526315
173	71777649	ATRAZIN-DESETHYL-2-HYDROXY	71169	ISAXONINE	0.4473684210526315
1	1480	2,4,5-T; 2,4,5-TRICHLOROPHENOXYACETIC ACID	3561	HALOPROGIN	0.4473684210526315
423	20105	DIPROPETRYN	71169	ISAXONINE	0.4473684210526315
829	32490	PROPAMOCARB	5411	TETRACAINE HYDROCHLORIDE	0.4444444444444444
127	72924	6-HYDROXYNICOTINIC ACID	967	OROTIC ACID	0.4444444444444444
57	5216290	2-AMINO-3-(1H-1,2,4-TRIAZOL-1-YL)PROPANOIC ACID	71567	D-PHENYLALANINE	0.4444444444444444
108	403	4-AMINOPHENOL	2955	DAPSONE	0.4444444444444444
1032	442530	OCHRATOXIN A	5311309	NATEGLINIDE	0.44303797468354433
718	12785744	METOLACHLOR METABOLITE CGA 50267 (RACEMATE)	38945	TOCAINIDE HYDROCHLORIDE	0.4423076923076923
311	15553	CLOPYRALID	938	NIACIN	0.4411764705882353
972	5455	THIRAM; TETRAMETHYLTHIURAM DISULFIDE	3117	DISULFIRAM	0.43999999999999995
73	1488	2,4-D METHYL ESTER	65394	FENCLOFENAC	0.43999999999999995
1068	7127	METHYLEUGENOL	4680	PAPAVERINE HYDROCHLORIDE	0.43999999999999995
870	91753	PYRIPROXIFEN	71467	PHENOXYPROPAZINE DIHYDROCHLORIDE	0.43999999999999995
75	16002	2,4-D-BUTYLGLYCOLESTER	4039	MECLOFENOXATE HYDROCHLORIDE	0.4385964912280702
35	38687	(+-)-DICLOFOP	65394	FENCLOFENAC	0.4363636363636364
345	8293	CYTHIOATE	5333	SULFANILAMIDE	0.4358974358974359
178	2256	ATRAZINE	71169	ISAXONINE	0.4358974358974359
356	13904	DESMETRYN	71169	ISAXONINE	0.4358974358974359
1065	5281116	ERUCIC ACID	5280363	DINOPROST TROMETAMOL	0.4354838709677419
313	15257197	CLOQUINTOCET	2722	CHLOROXINE	0.4347826086956522
341	86132	CYPROCONAZOL (MIXTURE OF DIASTEREOISOMER)	71616	VORICONAZOLE	0.4342105263157895
743	8594	NAPTALAM	8574	PHTHALYLSULFACETAMIDE	0.4339622641509434
322	54678504	COUMATETRALYL	54676038	DICUMAROL	0.4339622641509434
457	18055	ETHIOLAT	3117	DISULFIRAM	0.43333333333333335
7	28780	BENOMYL; NSC 263489	26596	PARBENDAZOLE	0.4328358208955224
195	28780	BENOMYL; NSC 263489	26596	PARBENDAZOLE	0.4328358208955224
278	6805	CHLORFENAC	3332	FELBINAC	0.43243243243243246
708	4115	METHOXYCHLOR	11289	CHLOROTRIANISENE	0.43243243243243246
97	16183	2,6-DICHLOROBENZAMIDE	3519	GUANFACINE HYDROCHLORIDE	0.43243243243243246
109	14855	4-CHLORO-2-METHYLPHENOL	5564	TRICLOSAN	0.43243243243243246
417	14994	DINOTERB	4912	PROBUCOL	0.43181818181818177
374	119435	DICHLORPROP-P	65394	FENCLOFENAC	0.43137254901960786
294	2728	CHLORPROPHAM	444	BUPROPION HYDROCHLORIDE	0.43137254901960786
372	8427	DICHLORPROP	65394	FENCLOFENAC	0.43137254901960786
419	13728	DIPHENAMID	2031	ADIPHENINE HYDROCHLORIDE	0.4285714285714286
248	33917	C12-C14-ALKYL(ETHYLBENZYL)DIMETHYLAMMONI	2798	CLOFILIUM TOSYLATE	0.4285714285714286
79	11123	2,4-DICHLOROANILINE	3752	IRSOGLADINE MALEATE	0.4285714285714286
391	91735	DIFLUFENICAN	4488	NIFLUMIC ACID	0.4285714285714286
538	50980	FLUCYTHRINATE	156610540	FENOPROFEN CALCIUM SALT DIHYDRATE	0.42622950819672134
293	74685	CHLOROXYNIL	2406	BITHIONOL	0.4242424242424242
1022	6623	BISPHENOL A	448537	DIETHYLSTILBESTROL	0.4242424242424242
91	1483	2,4,6-TRIBROMOPHENOL	2453	BROXYQUINOLINE	0.4242424242424242
138	44073	ACIFLUOREN	9458	TRIFLUSAL	0.423728813559322
795	17435	PHENTOAT	2031	ADIPHENINE HYDROCHLORIDE	0.42307692307692313
993	41428	TRICLOPYR	2313	BENDAZAC	0.42307692307692313
422	11487	DIPHENYLAMINE	904	ACETANILIDE	0.42307692307692313
685	2761058	MESOTRION METABOLITE AMBA	4649	AMINOSALICYLIC ACID	0.4222222222222223
866	55790	PYRIFENOX	5361463	OXICONAZOLE NITRATE	0.421875
55	135448147	2-(DIETHYLAMINO)-6-METHYL-4-PYRIMIDINOL	5531	TRAPIDIL	0.42000000000000004
50	13	1,2,4-TRICHLOROBENZENE	5564	TRICLOSAN	0.4193548387096774
112	7810	4-CHLOROTOLUENE	3393610	CHLORAMINE-T HYDRATE	0.4193548387096774
900	16116	SIDURON (MIXTURE OF CIS AND TRANS ISOMERS)	904	ACETANILIDE	0.41860465116279066
204	31068	BENZOYLPROP-ETHYL	7029	AMFEPRAMONE HYDROCHLORIDE	0.4181818181818182
10	31068	BENZOYLPROP-ETHYL	7029	AMFEPRAMONE HYDROCHLORIDE	0.4181818181818182
405	8441	DIMETHYL TEREPHTHALATE	2337	BENZOCAINE	0.41666666666666663
289	300	CHLOROACETIC ACID	3053	PENTETIC ACID	0.41666666666666663
254	152031	CARBETAMIDE	10831	DIPERODON HYDROCHLORIDE	0.41666666666666663
100	11568	3-AMINOPHENOL	4075	MESALAMINE	0.41666666666666663
175	135408770	ATRAZIN-DESETHYLDESISOPROPYL- 2-HYDROXY	135403646	AZAGUANINE-8	0.41666666666666663
467	71245	ETONFENPROX	2335	BENZETHONIUM CHLORIDE	0.41538461538461535
730	23715	MONALIDE (MIXTURE OF ISOMERS)	2727	CHLORPROPAMIDE	0.41509433962264153
83	75824	2,4,5-T-1-OCTYL ESTER	3316	EXALAMIDE	0.41509433962264153
21	73675	FLUSILAZOLE	3365	FLUCONAZOLE	0.41509433962264153
567	73675	FLUSILAZOLE	3365	FLUCONAZOLE	0.41509433962264153
583	7327	GENITE	5564	TRICLOSAN	0.41463414634146345
266	8630	CHLORAMBEN	4075	MESALAMINE	0.41463414634146345
86	1482	2,4,5-T-METHYL ESTER	3561	HALOPROGIN	0.41463414634146345
59	7245	2-CHLOROPHENOL	460	GUAIACOL	0.4137931034482759
90	7271	2,4,5-TRICHLOROPHENOL	2406	BITHIONOL	0.4137931034482759
103	11571	3,5 DICHLOROPHENOL	2406	BITHIONOL	0.4137931034482759
963	34192	THIOBENCARB	5497	NIKETHAMIDE	0.4130434782608695
744	11145	NEBURON	3959	LORGLUMIDE SODIUM SALT	0.4117647058823529
398	71312438	DIMETHACHLOR METABOLITE SYN 530561	78094	CRESOPIRINE	0.4107142857142857
466	12771065	ETOBENZANID	4754	PHENACETIN	0.4107142857142857
172	22563	ATRAZIN-DESETHYL	71169	ISAXONINE	0.41025641025641024
23	40087	THIDIAZURON	904	ACETANILIDE	0.41025641025641024
959	40087	THIDIAZURON	904	ACETANILIDE	0.41025641025641024
736	6336	MYCLOBUTANIL	2187	ANASTROZOLE	0.4098360655737705
260	21307	CARBOXIN; CARBATHIINE	904	ACETANILIDE	0.40909090909090906
233	28936	BROMPROPYLAT	3339	FENOFIBRATE	0.40740740740740744
648	312440	KARBUTYLATE	4456	NEOSTIGMINE BROMIDE	0.40740740740740744
49	12468	1,2,3,5-TETRACHLOROBENZENE	2406	BITHIONOL	0.40740740740740744
174	18831	ATRAZIN-DESETHYL-DESISOPROPYL	3752	IRSOGLADINE MALEATE	0.40625
734	8800	MONURON	904	ACETANILIDE	0.4054054054054054
155	13263	AMETRYN	71169	ISAXONINE	0.40476190476190477
170	15359	ATRATON	71169	ISAXONINE	0.40476190476190477
388	26576	DIFENOXURON	4754	PHENACETIN	0.4042553191489362
760	36867	ORBENCARB	5497	NIKETHAMIDE	0.4042553191489362
381	6777	DICYCLOHEXYL PHTHALATE	8362	HOMOSALATE	0.40384615384615385
742	27189	NAPROPAMID	10334821	(R)-DULOXETINE HYDROCHLORIDE	0.4032258064516129
290	17581	CHLORONEB	460	GUAIACOL	0.4
454	34766	ETHIOFENCARB	4990	PYRICARBATE	0.4
58	13624	2-AMINOBENZIMIDAZOLE	2723601	TIOGUANINE	0.4
17	21330	OXYCARBOXINE	904	ACETANILIDE	0.4
771	21330	OXYCARBOXINE	904	ACETANILIDE	0.4
40	7005	1-NAPHTHOL	2950	DANTHRON	0.4
111	4684	4-CHLOROPHENOL	448537	DIETHYLSTILBESTROL	0.4
810	34526	PIRIMIPHOS-METHYL	5531	TRAPIDIL	0.4
726	25141463	MGK 264 (MIXTURE OF ISOMERS)	3607	HEXETIDINE	0.4
114	158403	4-ISOPROPYLTHIOXANTHONE	4943	PROPOFOL	0.4
636	17517	ISOPROCARB	4943	PROPOFOL	0.4
9	7153	MECOPROP	2581	CARPROFEN	0.39655172413793105
329	11097730	CYCLANILIDE	4477	NICLOSAMIDE	0.39655172413793105
670	7153	MECOPROP	2581	CARPROFEN	0.39655172413793105
673	185588	MECOPROP-P	2581	CARPROFEN	0.39655172413793105
639	36679	ISOPROTURON	1983	ACETAMINOPHEN	0.39534883720930236
66	11844	2,3-DICHLOROANILINE	3878	LAMOTRIGINE	0.39473684210526316
586	3496	GLYPHOSATE	464	HIPPURIC ACID	0.39473684210526316
645	84098	ISOXAFLUTOLE	3899	LEFLUNOMIDE	0.3939393939393939
68	41017	2,3,4-TRICHLOROANISOLE	460	GUAIACOL	0.3939393939393939
26	43704	NITROTHAL-ISOPROPYL	4497	NIMODIPINE	0.3939393939393939
752	43704	NITROTHAL-ISOPROPYL	4497	NIMODIPINE	0.3939393939393939
482	86138	FENBUCONAZOL	2187	ANASTROZOLE	0.39344262295081966
480	86356	FENAZAQUIN	2484	BUTENAFINE HYDROCHLORIDE	0.3928571428571429
845	62020	PROSULFOCARB	4922	PROGLUMIDE	0.3928571428571429
334	16554	CYCLURON	1989	ACETOHEXAMIDE	0.3921568627450981
377	39985	DICLOFOP-METHYL	5564	TRICLOSAN	0.3921568627450981
455	119490	ETHIOFENCARB-SULFON	4990	PYRICARBATE	0.3921568627450981
456	3035207	ETHIOFENCARB-SULFOXIDE	4990	PYRICARBATE	0.3921568627450981
979	9809914	TRALOMETHRIN	156610540	FENOPROFEN CALCIUM SALT DIHYDRATE	0.390625
780	91693	PENCONAZOL	4189	MICONAZOLE	0.390625
64	9795026	2-ISOPROPYLTHIOXANTHON	4943	PROPOFOL	0.3902439024390244
386	54676884	DIFENACOUM	54676038	DICUMAROL	0.38983050847457623
689	117065479	METALAXYL METABOLITE CGA 108906	78094	CRESOPIRINE	0.38983050847457623
667	17089	MCPA-METHYL ESTER	4039	MECLOFENOXATE HYDROCHLORIDE	0.38888888888888884
310	54778	CLOMAZONE	5472	TICLOPIDINE HYDROCHLORIDE	0.38888888888888884
292	16115	CHLOROXURON	4754	PHENACETIN	0.3877551020408163
848	119361	PROTHIOCONAZOLE-DESTHIO	3365	FLUCONAZOLE	0.3870967741935484
72	13618	2,3,6-TRICHLOROPHENOL	2406	BITHIONOL	0.3870967741935484
929	86102	TEBUCONAZOLE	3365	FLUCONAZOLE	0.3870967741935484
803	3294375	PICOLINAFEN	3899	LEFLUNOMIDE	0.3870967741935484
532	3033674	FLUAZIFOP-P-BUTYL	5632	UFENAMATE	0.3866666666666667
529	50897	FLUAZIFOP-BUTYL	5632	UFENAMATE	0.3866666666666667
464	119653	ETHYCHLOZATE	2796	CLOFIBRATE	0.38596491228070173
809	31957	PIRIMIPHOS-ETHYL	5531	TRAPIDIL	0.38596491228070173
409	10936292	DIMOXYSTROBIN	3463	GEMFIBROZIL	0.3857142857142857
786	15041	PENTACHLORPHENYLACETAT	78094	CRESOPIRINE	0.3846153846153846
340	38283	CYPHENOTHRIN (MIXTURE OF CIS AND TRANS)	156610540	FENOPROFEN CALCIUM SALT DIHYDRATE	0.3846153846153846
1059	7290	3-MCPD	3516	GUAIFENESIN	0.3846153846153846
490	19588	FENOBUCARB	4990	PYRICARBATE	0.3846153846153846
351	40585	DELTAMETHRIN	156610540	FENOPROFEN CALCIUM SALT DIHYDRATE	0.3846153846153846
213	7095	BIPHENYL	3332	FELBINAC	0.3846153846153846
644	6451155	ISOXADIFEN-ETHYL	2337	BENZOCAINE	0.3846153846153846
280	26693	CHLORFENPROP-METHYL	15250	IBUFENAC	0.3829787234042553
371	90988	DICHLOROPROP-METHYL ESTER	5564	TRICLOSAN	0.3829787234042553
952	80277	TETRACONAZOLE	4189	MICONAZOLE	0.38235294117647056
955	16685	TETRASUL	2406	BITHIONOL	0.38235294117647056
131	93315	ACEQUINOCYL	3316	EXALAMIDE	0.38181818181818183
925	15969	SWEP	4030	MEBENDAZOLE	0.38181818181818183
792	13187411	PHENMEDIPHAM-ETHYL	4754	PHENACETIN	0.38181818181818183
143	14924483	ALACHLOR OA	170344	ETIFENIN	0.38181818181818183
573	51556	FOMESAFEN	4495	NIMESULIDE	0.3802816901408451
827	23676740	PROPACHLOR ESA SODIUM SALT	7029	AMFEPRAMONE HYDROCHLORIDE	0.38
789	6295	PERTHAN	3236	EPERISONE HYDROCHLORIDE	0.38
710	17891	METHYL 1-NAPHTHALENEACETATE	2484	BUTENAFINE HYDROCHLORIDE	0.38
1067	7955	MELAMINE	3752	IRSOGLADINE MALEATE	0.3793103448275862
158	16247	AMINOCARB	73707354	ESERINE HEMISULFATE SALT	0.3787878787878788
299	2734819	CHLORTHIAMID	5353646	GUANABENZ ACETATE	0.3783783783783784
98	6896	2,6-DIMETHYLANILINE	4178	MEXILETINE HYDROCHLORIDE	0.3783783783783784
271	96162	CHLORBENSIDE SULFONE	3998	MAFENIDE HYDROCHLORIDE	0.3783783783783784
96	7267	2,5-DIMETHYLPHENOL	71645	MEXENONE	0.37777777777777777
209	39230	BIFENOX	5564	TRICLOSAN	0.37735849056603776
54	7158	2-(2,4,5-TRICHLOROPHENOXY)PROPIONIC ACID	35935	PIRPROFEN	0.37735849056603776
395	39722	DIMETHACHLOR	3676	LIDOCAINE HYDROCHLORIDE	0.37735849056603776
373	15754796	DICHLORPROP-ISOOCTYL	65394	FENCLOFENAC	0.3770491803278688
619	92401	INABENFIDE	3748	IPRONIAZIDE PHOSPHATE	0.375
337	180089	CYHALOFOP-BUTYL	2482	BUTAMBEN	0.375
681	41632	MEPRONIL	38945	TOCAINIDE HYDROCHLORIDE	0.375
1042	6944	2-NITROTOLUENE	4485	NIFEDIPINE	0.375
51	7270	1,2,4,5-TETRACHLOROBENZENE	2406	BITHIONOL	0.375
839	4944	PROPOXUR	4990	PYRICARBATE	0.375
830	4933	PROPANIL	4754	PHENACETIN	0.375
116	980	4-NITROPHENOL	4477	NICLOSAMIDE	0.375
124	66807	5-CHLORO-2,4-DIMETHOXYANILINE	4168	METOCLOPRAMIDE MONOHYDROCHLORIDE	0.375
415	6950	DINOSEB	5281081	ENTACAPONE	0.3731343283582089
308	40032	CLOETHOCARB	4500	NISOXETINE HYDROCHLORIDE	0.3728813559322034
408	12572	DIMETILAN	4456	NEOSTIGMINE BROMIDE	0.37254901960784315
38	16212234	(S)-3-ANILINO-5-METHYL-5-PHENYLIMIDAZOLI	4060	MEPHENYTOIN	0.37254901960784315
24	21694	1-NITROPYRENE	19910	NITROXOLINE	0.37209302325581395
1040	21694	1-NITROPYRENE	19910	NITROXOLINE	0.37209302325581395
105	7948	3,5-DIMETHYLPHENOL	3362	FLOPROPIONE	0.37142857142857144
69	27582	2,3,4-TRICHLOROPHENOL	5564	TRICLOSAN	0.37142857142857144
721	29863	METOXURON	5282230	TRANILAST	0.3709677419354839
484	3033865	FENCHLORAZOL-ETHYL	2796	CLOFIBRATE	0.3709677419354839
222	54680676	BRODIFACOUM	54676038	DICUMAROL	0.3709677419354839
680	62781	MEPIQUAT CHLORIDE	5850	PENTOLINIUM BITARTRATE	0.37037037037037035
542	129318112	FLUFENACET METABOLITE FOE5043	15250	IBUFENAC	0.37037037037037035
632	90479	ISOCARBOPHOS	10745	ACETYLSALICYLSALICYLIC ACID	0.37037037037037035
255	2566	CARBOFURAN	4990	PYRICARBATE	0.37037037037037035
365	7328	DICHLOFENTHION	5564	TRICLOSAN	0.3695652173913043
879	53518	QUIZALOFOP-ETHYL	2796	CLOFIBRATE	0.36923076923076925
221	129316409	BOSCALID METABOLITE M510F01	4477	NICLOSAMIDE	0.36923076923076925
881	1617113	QUIZALOFOP-P-ETHYL	2796	CLOFIBRATE	0.36923076923076925
607	131667614	HYDROXYTEBUCONAZOLE	3365	FLUCONAZOLE	0.36923076923076925
231	15531	BROMOXYNIL	2453	BROXYQUINOLINE	0.368421052631579
331	91686	CYCLOPROTHRIN	156610540	FENOPROFEN CALCIUM SALT DIHYDRATE	0.36764705882352944
933	92299	TEBUTAM	7029	AMFEPRAMONE HYDROCHLORIDE	0.36734693877551017
491	44178	FENOTHIOCARB	19667	BEPHENIUM HYDROXYNAPHTHOATE	0.36734693877551017
12	11737	N,N-DIMETHYLUREA	4091	METFORMIN HYDROCHLORIDE	0.3666666666666667
740	11737	N,N-DIMETHYLUREA	4091	METFORMIN HYDROCHLORIDE	0.3666666666666667
246	19587	BUTURON	4923	PROGUANIL HYDROCHLORIDE	0.3666666666666667
926	91768	TAU-FLUVALINATE	156610540	FENOPROFEN CALCIUM SALT DIHYDRATE	0.3661971830985915
190	2314	BENDIOCARB	4990	PYRICARBATE	0.3653846153846154
589	114994	HALOFENOZIDE	39042	BEZAFIBRATE	0.3650793650793651
188	51369	BENALAXYL	7029	AMFEPRAMONE HYDROCHLORIDE	0.36363636363636365
494	47938	FENOXAPROP-ETHYL (RACEMATE)	2796	CLOFIBRATE	0.36363636363636365
85	21058	2,4,5-T-2-METHYLPROPYL ESTER	4039	MECLOFENOXATE HYDROCHLORIDE	0.36363636363636365
953	8305	TETRADIFON	2955	DAPSONE	0.36363636363636365
682	2724354	MESO-2,3-DIMERCAPTOSUCCINIC ACID	92863	D,L-PENICILLAMINE	0.36363636363636365
496	91707	FENOXAPROP-P-ETHYL	2796	CLOFIBRATE	0.36363636363636365
31	8305	TETRADIFON	2955	DAPSONE	0.36363636363636365
121	3035	4,4-DDE	11289	CHLOROTRIANISENE	0.36363636363636365
189	176648	BENALAXYL-M	7029	AMFEPRAMONE HYDROCHLORIDE	0.36363636363636365
330	14337	CYCLOATE	3042	DICYCLOMINE HYDROCHLORIDE	0.36363636363636365
981	39385	TRIADIMEFON	2797	CLOFIBRIC ACID	0.36363636363636365
481	6395729	FENAZOX; AZOXYBENZENE	904	ACETANILIDE	0.36363636363636365
588	10140464	HALFENPROX	2335	BENZETHONIUM CHLORIDE	0.3623188405797102
555	27295	FLUORODIFEN	4495	NIMESULIDE	0.3620689655172413
1004	47445	TRIFLUMURON	1984	ACETAMINOSALOL	0.3620689655172413
396	71312310	DIMETHACHLOR METABOLITE CGA 373464	170344	ETIFENIN	0.3620689655172413
202	13926	BENTRANIL	7019	AMINACRINE	0.36111111111111116
808	31645	PIRIMICARB	2123	ALTRETAMINE	0.36111111111111116
346	6418	DALAPON	2797	CLOFIBRIC ACID	0.36111111111111116
394	91679	DIMEPIPERATE	4904	PRIDINOL METHANESULFONATE SALT	0.36
95	6977	2,5-DICHLORONITROBENZENE	4477	NICLOSAMIDE	0.36
1053	995	PHENANTHRENE	7019	AMINACRINE	0.36
505	80214	FENSULFOTHION PO-SULFONE	4754	PHENACETIN	0.36
1061	5283387	OLEAMIDE	3316	EXALAMIDE	0.36
791	24744	PHENMEDIPHAM	12124	METACETAMOL	0.36
988	10947588	TRIAZIFLAM	71467	PHENOXYPROPAZINE DIHYDROCHLORIDE	0.359375
527	11700495	FLORASULAM	5326	SULFAMETER	0.359375
591	50895	HALOXYFOP	156391	(S)-NAPROXEN	0.359375
594	448979	HALOXYFOP-P	156391	(S)-NAPROXEN	0.359375
123	3036	4,4-DDT	2284	BACLOFEN	0.3589743589743589
120	6294	4,4-DDD, TDE	2284	BACLOFEN	0.3589743589743589
970	3032791	THIOPHANATE-METHYL	904	ACETANILIDE	0.3589743589743589
662	11292824	MANDIPROPAMID	3488	GLIBENCLAMIDE	0.3586956521739131
370	6597	DICHLOROACETIC ACID	3121	VALPROIC ACID	0.3571428571428571
802	6809	PHTHALIMIDE	4760	PHENINDIONE	0.3571428571428571
367	8342	DICHLON	4760	PHENINDIONE	0.3571428571428571
732	15629	MONOLINURON	904	ACETANILIDE	0.3571428571428571
874	91739	QUINCHLORAC	938	NIACIN	0.3571428571428571
715	18290	METOBROMURON	904	ACETANILIDE	0.3571428571428571
348	15331	DAMINOZID	71651	BETAMIPRON	0.3571428571428571
652	6440557	LAMBDA-CYHALOTHRIN	156610540	FENOPROFEN CALCIUM SALT DIHYDRATE	0.3571428571428571
0	15629	MONOLINURON	904	ACETANILIDE	0.3571428571428571
15	91739	QUINCHLORAC	938	NIACIN	0.3571428571428571
238	31677	BUTACHLOR	7184	BUTYLPARABEN	0.3571428571428571
338	5281873	CYHALOTHRIN	156610540	FENOPROFEN CALCIUM SALT DIHYDRATE	0.3571428571428571
912	139600668	SPIROTETRAMAT METABOLIT BYI08330-ENOL-GLUCOSID	9915886	THIOCOLCHICOSIDE	0.35652173913043483
649	6112114	KRESOXIM-METHYL	4059	MEPHENESIN	0.35593220338983056
997	32518	TRIDEMORPH	54260	AMOROLFINE HYDROCHLORIDE	0.35593220338983056
676	40896	MEFLUIDIDE	904	ACETANILIDE	0.3555555555555555
406	5316899	DIMETHYLPROPIOTHETIN HYDROCHLORIDE	3053	PENTETIC ACID	0.3548387096774194
1052	6853	FLUORENE	2202	ANTHRALIN	0.3548387096774194
65	13205	2-METHYL-M-PHENYLENEDIAMINE	72894	O-SULFANILAMIDE	0.3548387096774194
617	162366	IMINOCTADINE TRIACETATE	3447	GABEXATE MESILATE	0.3548387096774194
587	12575234	GUAZATINE ACETATE SALT	3447	GABEXATE MESILATE	0.3548387096774194
994	47455	TRICLOPYR 2-BUTOXYETHYL ESTER	4039	MECLOFENOXATE HYDROCHLORIDE	0.3548387096774194
747	3034287	NITENPYRAM	5353831	NIZATIDINE	0.35443037974683544
828	155385	PROPACHLOR OA	3825	KETOPROFEN	0.35416666666666663
757	33528	OCTHILINONE	4781	PHENYLBUTAZONE	0.35416666666666663
875	91749	QUINMERAC	6301	CHLORQUINALDOL	0.3529411764705882
47	6895	1,2,3-TRICHLOROBENZENE	3878	LAMOTRIGINE	0.3529411764705882
604	13218777	HEXYTHIAZOX	1989	ACETOHEXAMIDE	0.3529411764705882
140	6436606	ACRINATHRIN	156610540	FENOPROFEN CALCIUM SALT DIHYDRATE	0.352112676056338
843	32154	PROPYZAMID	444	BUPROPION HYDROCHLORIDE	0.35185185185185186
220	213013	BOSCALID	3946	LOBENZARIT DISODIUM	0.35185185185185186
288	15788	CHLORNITROFEN	4495	NIMESULIDE	0.35185185185185186
257	27999	CARBOFURAN-3-KETO	4990	PYRICARBATE	0.35185185185185186
779	14215	PEBULAT	3117	DISULFIRAM	0.3513513513513513
868	91650	PYRIMETHANIL	904	ACETANILIDE	0.3513513513513513
634	127394	ISOFENPHOS-METHYL	10745	ACETYLSALICYLSALICYLIC ACID	0.3508771929824561
693	49384	METAZACHLOR	3676	LIDOCAINE HYDROCHLORIDE	0.3508771929824561
631	35699	ISOCARBAMIDE	21680715	AZLOCILLIN SODIUM SALT	0.35064935064935066
1030	6618	TBBPA (3,3,5,5-TETRABROMOBISPHENOL A)	4912	PROBUCOL	0.35
463	3623881	ETHOXYSULFURON	3282	ETHENZAMIDE	0.35
133	1988	ACETOCHLOR	688020	CROTAMITON	0.35
675	10937610	MEFENPYR-DIETHYL	3957	LORATADINE	0.35
668	32876	MCPA-THIOETHYL	3278	ETHACRYNIC ACID	0.3492063492063492
790	6450826	PETHOXAMID	2562	CARBETAPENTANE CITRATE	0.3484848484848485
666	93128	MCPA-2-ETHYLHEXYL ESTER	4039	MECLOFENOXATE HYDROCHLORIDE	0.3484848484848485
432	3120	DIURON	12124	METACETAMOL	0.34782608695652173
184	3032472	AZIPROTRYNE	71169	ISAXONINE	0.34782608695652173
284	17169	CHLORFLURENOL	3946	LOBENZARIT DISODIUM	0.34693877551020413
725	9414	MEXACARBATE	4990	PYRICARBATE	0.34693877551020413
887	5282198	S-HYDROPRENE	5282375	ETRETINATE	0.3466666666666667
343	85745672	CYPRODINIL METABOLITE CGA 304075	1983	ACETAMINOPHEN	0.34615384615384615
576	31899	FORMETANATE HYDROCHLORIDE	4990	PYRICARBATE	0.34545454545454546
302	27375	CHLORTOLURON	4036	MECLOFENAMIC ACID SODIUM SALT MONOHYDRATE	0.34545454545454546
84	15998	2,4,5-T-2-ETHYLHEXYL ESTER	3338	FENIPENTOL	0.34545454545454546
5	27375	CHLORTOLURON	4036	MECLOFENAMIC ACID SODIUM SALT MONOHYDRATE	0.34545454545454546
104	12281	3,5-DICHLOROANILINE	7099	PROFLAVINE HEMISULFATE	0.3448275862068966
358	3034380	DIAFENTHIURON	156610540	FENOPROFEN CALCIUM SALT DIHYDRATE	0.3448275862068966
139	92389	ACLONIFEN	4495	NIMESULIDE	0.3448275862068966
152	15604010	AMETOCTRADIN	5531	TRAPIDIL	0.34426229508196726
135	15842091	ACETOCHLOR OA	170344	ETIFENIN	0.34426229508196726
773	158076	PACLOBUTRAZOL (MIXTURE OF STEREO ISOMERS)	26937	CLOBUTINOL HYDROCHLORIDE	0.34375
880	5484172	QUIZALOFOP-P	156391	(S)-NAPROXEN	0.34375
579	42504	FURALAXYL	19529	DILOXANIDE FUROATE	0.34375
477	36028	FENAMIPHOS-SULFON	14130	BUCETIN	0.34328358208955223
860	11577870	PYRIBENCARB	4990	PYRICARBATE	0.34328358208955223
1016	44153936	Z-PYRIBENCARB	4990	PYRICARBATE	0.34328358208955223
898	33443	SECBUMETON	4908	PRIMAQUINE DIPHOSPHATE	0.34328358208955223
376	53309	DICLOBUTRAZOL (MIXTURE OF STEREO ISOMERS)	4189	MICONAZOLE	0.34285714285714286
1023	73864	BISPHENOL AF	448537	DIETHYLSTILBESTROL	0.34285714285714286
102	84788	3-METHYLPHSOPHINICOPROPIONIC ACID	564	AMINOCAPROIC ACID	0.34285714285714286
524	54698175	FLOCOUMAFEN (MIXTURE OF ISOMERS)	54676038	DICUMAROL	0.34246575342465757
554	11158353	FLUOPYRAM	5632	UFENAMATE	0.34246575342465757
483	16683004	FENBUTATIN OXIDE	4771	PHENTERMINE HYDROCHLORIDE	0.3421052631578947
1000	11664966	TRIFLOXYSTROBIN	5632	UFENAMATE	0.3417721518987342
623	15530	IOXYNIL	2788	CLIOQUINOL	0.3414634146341463
1070	31357	TRIBUTYL PO4	7184	BUTYLPARABEN	0.3414634146341463
281	6635	CHLORFENSON	2797	CLOFIBRIC ACID	0.3414634146341463
160	213012	AMINOPYRALID	938	NIACIN	0.3414634146341463
362	3030	DICAMBA	2244	ACETYLSALICYLIC ACID	0.34090909090909094
136	10921109	ACIBENZOLAR ACID	3418	FOSFOSAL	0.34090909090909094
750	7416	NITROBENZENE	4495	NIMESULIDE	0.34090909090909094
478	43226	FENARIMOL	2812	CLOTRIMAZOLE	0.33999999999999997
704	17521	METHIOCARB SULFOXIDE	4990	PYRICARBATE	0.33999999999999997
702	16248	METHIOCARB	4990	PYRICARBATE	0.33999999999999997
707	13290	METHOPROTRYNE	71169	ISAXONINE	0.33999999999999997
556	91600	FLUOTRIMAZOL	2812	CLOTRIMAZOLE	0.33999999999999997
205	16007	BENZTHIAZURON	4990	PYRICARBATE	0.33999999999999997
285	15546	CHLORIDAZON; PYRAZONE	5335	SULFAPHENAZOLE	0.339622641509434
691	11150163	METALAXYL-M	38945	TOCAINIDE HYDROCHLORIDE	0.3392857142857143
141	2078	ALACHLOR	170344	ETIFENIN	0.3392857142857143
687	42586	METALAXYL	38945	TOCAINIDE HYDROCHLORIDE	0.3392857142857143
688	156840	METALAXYL (S)-ENANTIOMER	38945	TOCAINIDE HYDROCHLORIDE	0.3392857142857143
690	13073467	METALAXYL METABOLITE CGA 62826	39912	(S,+) IBUPROFEN	0.3392857142857143
813	91644	PRETILACHLOR	170344	ETIFENIN	0.3389830508474576
203	3034351	BENZAZOLIN-ETHYL ESTER	2796	CLOFIBRATE	0.3389830508474576
817	1475957	PROCHLORAZ METABOLITE BTS44595	3316	EXALAMIDE	0.3389830508474576
522	94583	FLAMPROP-M-ISOPROPYL	7029	AMFEPRAMONE HYDROCHLORIDE	0.3389830508474576
528	91701	FLUAZIFOP	156391	(S)-NAPROXEN	0.33870967741935487
34	89594	(-)-NICOTINE	26987	CLEMASTINE FUMARATE	0.33870967741935487
531	91733	FLUAZIFOP-P	156391	(S)-NAPROXEN	0.33870967741935487
889	71312482	S-METOLACHLOR METABOLITE CGA 357704	170344	ETIFENIN	0.33870967741935487
245	36565	BUTRALIN	3397	FLUTAMIDE	0.33870967741935487
495	11949285	FENOXAPROP-P	156391	(S)-NAPROXEN	0.3384615384615385
855	11693711	PYRASULFOTOLE	9458	TRIFLUSAL	0.3384615384615385
493	86134	FENOXAPROP RACEMATE	156391	(S)-NAPROXEN	0.3384615384615385
492	11262655	FENOXANIL	444	BUPROPION HYDROCHLORIDE	0.3384615384615385
336	11496052	CYFLUMETOFEN	51040	AVOBENZONE	0.3384615384615385
265	7057995	CHLORALOSE (MIXTURE OF ISOMERS)	121928	AMIPRILOSE HYDROCHLORIDE	0.3382352941176471
19	52997	SULFOMETURON METHYL	197712	AMBRISENTAN	0.3382352941176471
920	52997	SULFOMETURON METHYL	197712	AMBRISENTAN	0.3382352941176471
722	6451057	METRAFENONE	54477	REMOXIPRIDE HYDROCHLORIDE	0.33783783783783783
166	7541	ANILAZINE	3032	DICLOFENAC SODIUM	0.33333333333333337
514	3081363	FENTRAZAMIDE	3166	DROFENINE HYDROCHLORIDE	0.33333333333333337
774	9395	PARAOXON-ETHYL	4754	PHENACETIN	0.33333333333333337
976	12898	TOLYLFLUANID	3393610	CHLORAMINE-T HYDRATE	0.33333333333333337
437	28292	EDIFENPHOS	3282	ETHENZAMIDE	0.33333333333333337
838	167454	PROPISOCHLOR	688020	CROTAMITON	0.33333333333333337
286	56160	CHLORIMURON-ETHYL	5501	TODRALAZINE HYDROCHLORIDE	0.33333333333333337
983	41368	TRIADIMENOL CYPROCONAZOL	2797	CLOFIBRIC ACID	0.33333333333333337
865	41463	PYRIDAT	3316	EXALAMIDE	0.33333333333333337
171	135398733	ATRAZIN-2-HYDROXY	71169	ISAXONINE	0.33333333333333337
52	7452	1,3-DINITROBENZENE	4495	NIMESULIDE	0.33333333333333337
729	16653	MOLINAT	3052	DIETHYLCARBAMAZINE CITRATE	0.33333333333333337
176	13878	ATRAZIN-DESISOPROPYL	4993	PYRIMETHAMINE	0.33333333333333337
258	13081	CARBOPHENOTHION	2796	CLOFIBRATE	0.33333333333333337
641	9796266	ISOTIANIL	44564	LODOXAMIDE	0.33333333333333337
816	3842173	PROCHLORAZ METABOLITE BTS40348	2727	CHLORPROPAMIDE	0.33333333333333337
323	10813	CRIMIDIN	2123	ALTRETAMINE	0.33333333333333337
703	16589	METHIOCARB SULFONE	4990	PYRICARBATE	0.33333333333333337
990	93422	TRIAZOXID	2812	CLOTRIMAZOLE	0.33333333333333337
309	73670	CLOFENTEZIN	3752	IRSOGLADINE MALEATE	0.33333333333333337
975	10110536	TOLFENPYRAD	3792	ITOPRIDE	0.33333333333333337
1071	8289	TRIPHENYL PO4	8361	PHENYL SALICYLATE	0.33333333333333337
164	1639	AMITROL	2723601	TIOGUANINE	0.33333333333333337
71	39656	2,3,6-TRICHLOROANISOLE	11289	CHLOROTRIANISENE	0.33333333333333337
1036	13542	DBNA (N-NITROSODIBUTYLAMINE)	3121	VALPROIC ACID	0.33333333333333337
849	36870	PROTHIOFOS	4380	CLORGYLINE HYDROCHLORIDE	0.33333333333333337
566	91755	FLURTAMONE	3371	FLUFENAMIC ACID	0.33333333333333337
177	135398734	ATRAZIN-DESISOPROPYL-2-HYDROXY	135403646	AZAGUANINE-8	0.33333333333333337
672	141055	MECOPROP-METHYL ESTER	444	BUPROPION HYDROCHLORIDE	0.33333333333333337
935	8330	TECNAZEN	3038	DICHLORPHENAMIDE	0.33333333333333337
982	92416	TRIADIMENOL A	2797	CLOFIBRIC ACID	0.33333333333333337
446	3317081	EPOXICONAZOLE	3365	FLUCONAZOLE	0.33333333333333337
324	11709249	CUMYLURON	10391	BECLAMIDE	0.33333333333333337
134	131701051	ACETOCHLOR ESA SODIUM SALT	3676	LIDOCAINE HYDROCHLORIDE	0.3292682926829268
413	13783	DINOBUTON	4497	NIMODIPINE	0.3292682926829268
523	93539	FLAZASULFURON	38081	FLUNIXIN MEGLUMINE	0.3287671232876712
844	11057771	PROQUINAZID	4622	OXIBENDAZOL	0.3285714285714286
1001	22899348	TRIFLOXYSTROBIN-METABOLIT CGA 321113	9458	TRIFLUSAL	0.3285714285714286
1013	11338509	VALIFENALATE	3339	FENOFIBRATE	0.3285714285714286
767	53735	OXADIXYL	71157	NEFIRACETAM	0.32835820895522383
811	50258	PIROCTONE OLAMINE	2749	CICLOPIROX ETHANOLAMINE	0.32835820895522383
530	155294	FLUAZIFOP-METHYL	3386	FLUOXETINE HYDROCHLORIDE	0.32835820895522383
931	86354	TEBUFENPYRAD	51040	AVOBENZONE	0.328125
616	86287518	IMIDACLOPRID	6093	NIRIDAZOLE	0.328125
777	991	PARATHION-ETHYL	3941250	NITROCARAMIPHEN HYDROCHLORIDE	0.328125
262	153847	CARPROPAMID	2727	CHLORPROPAMIDE	0.328125
239	71312405	BUTACHLOR ESA SODIUM SALT	7184	BUTYLPARABEN	0.3278688524590164
314	93528	CLOQUINTOCET-MEXYL	2722	CHLOROXINE	0.3278688524590164
215	23682789	BISPYRIBAC-SODIUM	5323	SULFADIMETHOXINE	0.3278688524590164
16	93528	CLOQUINTOCET-MEXYL	2722	CHLOROXINE	0.3278688524590164
256	27975	CARBOFURAN-3-HYDROXY	4990	PYRICARBATE	0.3275862068965517
4	27975	CARBOFURAN-3-HYDROXY	4990	PYRICARBATE	0.3275862068965517
646	29307	ISOXATHION	13738	OXOLAMINE CITRATE SALT	0.3275862068965517
217	91656	BITERTANOL (MIXTURE OF DIASTEREOMERS)	2378	BIFONAZOLE	0.3275862068965517
775	13708	PARAOXON-METHYL	4495	NIMESULIDE	0.32727272727272727
800	12901	PHOSMET	9419	DIBENZEPINE HYDROCHLORIDE	0.32727272727272727
692	38854	METAMITRON	119607	VALDECOXIB	0.32727272727272727
748	20848	NITRALIN	4911	PROBENECID	0.32727272727272727
390	37123	DIFLUBENZURON	2713	CHLORHEXIDINE	0.32727272727272727
368	7430	DICHLORAN	4477	NICLOSAMIDE	0.32692307692307687
763	29393	ORYZALIN	3998	MAFENIDE HYDROCHLORIDE	0.326530612244898
884	6758	ROTENON	3157	DOXAZOSIN MESYLATE	0.3263157894736842
269	7639	CHLORBENSID	25295	CHLOROPYRAMINE HYDROCHLORIDE	0.32608695652173914
312	162839	CLOPYRALID OLAMINE	938	NIACIN	0.32608695652173914
503	6636	FENSON	2797	CLOFIBRIC ACID	0.32558139534883723
659	14481	MALATHION DIACID	3121	VALPROIC ACID	0.32558139534883723
713	92326	METHYLDYMRON	904	ACETANILIDE	0.32558139534883723
651	62276	LACTOFEN	3397	FLUTAMIDE	0.32499999999999996
625	19730	IOXYNIL-OCTANOATE	2157	AMIODARONE HYDROCHLORIDE	0.32432432432432434
106	23017	3,5,6-TRICHLORO-2-PYRIDINOL	2733	CHLORZOXAZONE	0.32432432432432434
720	86422	METOSULAM	4036	MECLOFENAMIC ACID SODIUM SALT MONOHYDRATE	0.323943661971831
856	26033	PYRAZOPHOS	6338045	ETOMIDATE	0.323943661971831
580	47759	FURATHIOCARB	7184	BUTYLPARABEN	0.32352941176470584
445	16421	EPN	3941250	NITROCARAMIPHEN HYDROCHLORIDE	0.32352941176470584
612	54738	IMAZAPYR	28718	CLONIXIN LYSINATE	0.32352941176470584
475	31070	FENAMIPHOS	14130	BUCETIN	0.32352941176470584
451	91756	ETHAMETSULFURON-METHYL	3282	ETHENZAMIDE	0.32307692307692304
11	34468	DINITRAMIN	3397	FLUTAMIDE	0.32307692307692304
412	34468	DINITRAMIN	3397	FLUTAMIDE	0.32307692307692304
674	91716	MEFENACET	3295	ETHOXZOLAMIDE	0.32307692307692304
547	91759	FLUMETSULAM	5325	SULFAMERAZINE	0.32258064516129037
53	4685	1,4-DICHLOROBENZENE	2797	CLOFIBRIC ACID	0.32258064516129037
563	50465	FLUROXYPYR	2313	BENDAZAC	0.3220338983050848
232	15533	BROMOXYNIL-OCTANOATE	3316	EXALAMIDE	0.3220338983050848
18	50465	FLUROXYPYR	2313	BENDAZAC	0.3220338983050848
1037	5921	NDEA (N-NITROSODIETHYLAMINE)	3117	DISULFIRAM	0.3214285714285714
939	5392	TEMEPHOS	3334	FENBENDAZOLE	0.3214285714285714
778	4130	PARATHION-METHYL	4495	NIMESULIDE	0.3214285714285714
906	56841558	SPINOSAD (MIXTURE OF SPINOSYN A UND D)	6419898	SPIRAMYCIN	0.3207547169811321
756	91683	NUARIMOL	2812	CLOTRIMAZOLE	0.3207547169811321
695	29216	METHABENZTHIAZURON	4990	PYRICARBATE	0.3207547169811321
823	17516	PROMECARB	4990	PYRICARBATE	0.3207547169811321
626	33294	IPROBENPHOS	4768	PHENOXYBENZAMINE HYDROCHLORIDE	0.3207547169811321
60	117065389	2-HYDROXY-PROPOXYCARBAZONE	14130	BUCETIN	0.3205128205128205
191	2319	BENFLURALIN	37393	HALOFANTRINE HYDROCHLORIDE	0.31999999999999995
159	16211101	AMINOETHOXYVINYL GLYCINE HYDROCHLORIDE	71567	D-PHENYLALANINE	0.31999999999999995
1045	8418	ANTHRACENE 	7099	PROFLAVINE HEMISULFATE	0.31999999999999995
694	86210	METCONAZOLE	441383	TERCONAZOLE	0.31958762886597936
858	92383	PYRAZOXYFEN	6921821	ZOMEPIRAC SODIUM SALT	0.3194444444444444
476	36027	FENAMIPHOS SULFOXIDE	14130	BUCETIN	0.3188405797101449
719	15842092	METOLACHLOR OA	170344	ETIFENIN	0.31818181818181823
227	53079	BROMOBUTIDE	904	ACETANILIDE	0.31818181818181823
561	267210	FLURENOL-METHYL ESTER	2244	ACETYLSALICYLIC ACID	0.31818181818181823
832	4936	PROPARGITE (MIXTURE)	51040	AVOBENZONE	0.31818181818181823
525	9834513	FLONICAMID	4814	PICOTAMIDE MONOHYDRATE	0.31818181818181823
671	62831	MECOPROP-2-OCTYL ESTER	2798	CLOFILIUM TOSYLATE	0.31818181818181823
862	91754	PYRIDABEN	2484	BUTENAFINE HYDROCHLORIDE	0.31746031746031744
716	4169	METOLACHLOR	3676	LIDOCAINE HYDROCHLORIDE	0.31746031746031744
888	11140605	S-METOLACHLOR	3676	LIDOCAINE HYDROCHLORIDE	0.31746031746031744
806	76964688	PINOXADEN METABOLITE SYN502836	12478	TRIMETOZINE	0.31746031746031744
781	91692	PENCYCURON	3488	GLIBENCLAMIDE	0.31707317073170727
378	8268	DICOFOL	2797	CLOFIBRIC ACID	0.31707317073170727
1014	16003	VERNOLAT	3052	DIETHYLCARBAMAZINE CITRATE	0.31707317073170727
485	9298	FENCHLORPHOS	3561	HALOPROGIN	0.31707317073170727
447	12968	EPTC	3052	DIETHYLCARBAMAZINE CITRATE	0.31707317073170727
871	91781	PYRITHIOBAC	610479	TOLFENAMIC ACID	0.31666666666666665
765	94498	OXADIARGYL	3561	HALOPROGIN	0.31666666666666665
282	5377784	CHLORFENVINPHOS (MIXTURE OF E AND Z ISOMERS)	2796	CLOFIBRATE	0.31666666666666665
562	43079	FLURIDON	3371	FLUFENAMIC ACID	0.3157894736842105
36	14017	(AMINOMETHYL)PHOSPHONIC ACID	2141	AMIFOSTINE	0.3157894736842105
643	73672	ISOXABEN	5467	TIAPRIDE HYDROCHLORIDE	0.3157894736842105
559	15764724	FLUPYRSULFURON-METHYL SODIUM	5323	SULFADIMETHOXINE	0.3157894736842105
534	65651	FLUAZURON	3899	LEFLUNOMIDE	0.31506849315068497
397	71312529	DIMETHACHLOR METABOLITE SYN 528702 SODIU	3741	IOVERSOL	0.31506849315068497
761	11091168	ORTHOSULFAMURON	5323	SULFADIMETHOXINE	0.31506849315068497
543	16212222	FLUFENACET OA	3394	FLURBIPROFEN	0.31481481481481477
769	86443	OXASULFURON	3478	GLIPIZIDE	0.3146067415730337
686	11614934	METAFLUMIZONE	2318	BENFLUOREX	0.313953488372093
504	8292	FENSULFOTHION	4754	PHENACETIN	0.3137254901960784
655	9502	LINURON	12124	METACETAMOL	0.3137254901960784
850	9576037	PYMETROZIN	5353830	NITROFURANTOIN	0.31343283582089554
930	91773	TEBUFENOZIDE	3236	EPERISONE HYDROCHLORIDE	0.31343283582089554
363	81070	DICAMBA-METHYLESTER	3033769	RACLOPRIDE	0.31343283582089554
161	100524	AMIPROFOS-METHYL	4659569	TOLCAPONE	0.31343283582089554
157	91777	AMIDOSULFURON	5323	SULFADIMETHOXINE	0.31343283582089554
88	92213	2,4,5-TP-METHYL ESTER	60606	CLOPIDOGREL	0.3125
1039	12130	NDPA (N-NITROSODIPROPYLAMINE)	3121	VALPROIC ACID	0.3125
788	40326	PERMETHRIN (MIXTURE OF CIS AND TRANS ISOMERE)	156610540	FENOPROFEN CALCIUM SALT DIHYDRATE	0.3125
814	101525	PRIMISULFURON-METHYL	41781	TORSEMIDE	0.3125
553	11159021	FLUOPICOLIDE	4488	NIFLUMIC ACID	0.3125
410	124203198	DIMOXYSTROBIN METABOLITE 505M09	3463	GEMFIBROZIL	0.3116883116883117
917	91760	SULCOTRIONE	5090	ROFECOXIB	0.3114754098360656
758	42850	OFURACE	3676	LIDOCAINE HYDROCHLORIDE	0.3114754098360656
225	6108489	BROMFENVINPHOS-ETHYL (MIXTURE OF CIS AND TRANS ISOMERS)	2796	CLOFIBRATE	0.3114754098360656
1005	5569	TRIFLURALIN	3397	FLUTAMIDE	0.3114754098360656
142	23664984	ALACHLOR ESA SODIUM SALT	170344	ETIFENIN	0.3114754098360656
746	73281	NICOSULFURON	5323	SULFADIMETHOXINE	0.31081081081081086
401	13633097	DIMETHENAMID-P	32170	ARTICAINE HYDROCHLORIDE	0.31081081081081086
400	91744	DIMETHENAMID	32170	ARTICAINE HYDROCHLORIDE	0.31081081081081086
615	92433	IMAZOSULFURON	5323	SULFADIMETHOXINE	0.31081081081081086
450	41381	ETHALFLURALIN	5281081	ENTACAPONE	0.31081081081081086
208	176879	BIFENAZATE	5282230	TRANILAST	0.3098591549295775
297	47491	CHLORSULFURON	5323	SULFADIMETHOXINE	0.3098591549295775
548	92414	FLUMICLORAC	3278	ETHACRYNIC ACID	0.3098591549295775
964	35969	THIOCYCLAM HYDROGEN OXALATE	9934	TIMONACIC	0.30952380952380953
355	93139	DESMETHYL-PIRIMICARB	4456	NEOSTIGMINE BROMIDE	0.3090909090909091
37	5483872	(E)-METOMINOSTROBIN	3282	ETHENZAMIDE	0.3090909090909091
565	73668	FLURPRIMIDOL	2797	CLOFIBRIC ACID	0.3090909090909091
39	9576038	(Z)-METOMINOSTROBIN	3282	ETHENZAMIDE	0.3090909090909091
541	23676741	FLUFENACET ESA SODIUM SALT	7029	AMFEPRAMONE HYDROCHLORIDE	0.3090909090909091
1041	11831	2-NITROFLUORENE	4495	NIMESULIDE	0.3090909090909091
154	137628707	AMETOCTRADIN-HYDROCHLORID METABOLITE M650F01	5531	TRAPIDIL	0.3088235294117647
637	36606	ISOPROPALIN	5281081	ENTACAPONE	0.3088235294117647
684	175967	MESOTRION	3965	LOXOPROFEN	0.3088235294117647
966	38235	THIOFANOX	4990	PYRICARBATE	0.3076923076923077
1003	91699	TRIFLUMIZOLE	5361463	OXICONAZOLE NITRATE	0.3076923076923077
199	87176	BENSULTAP	4927	PROMETHAZINE HYDROCHLORIDE	0.3076923076923077
927	26176	TCPP (MIXTURE OF ISOMERS)	1993	METHACHOLINE CHLORIDE	0.3076923076923077
700	93362	METHASULFOCARB	4990	PYRICARBATE	0.3076923076923077
219	99937725	BIXAFEN METABOLITE BYF00587	4477	NICLOSAMIDE	0.30666666666666664
883	91779	RIMSULFURON	5323	SULFADIMETHOXINE	0.30666666666666664
489	31200	FENITROTHION	4485	NIFEDIPINE	0.30645161290322576
762	11486133	ORYSASTROBIN	4990	PYRICARBATE	0.30645161290322576
216	10275455	BISTRIFLURON	3371	FLUFENAMIC ACID	0.30645161290322576
473	10403199	FENAMIDONE	904	ACETANILIDE	0.30612244897959184
498	91724	FENPICLONIL	3878	LAMOTRIGINE	0.30612244897959184
305	92420	CINOSULFURON	59765703	BENZONATATE	0.3055555555555556
197	54960	BENSULFURON-METHYL	5323	SULFADIMETHOXINE	0.3055555555555556
876	17748	QUINOCLAMINE	72894	O-SULFANILAMIDE	0.3055555555555556
25	17748	QUINOCLAMINE	72894	O-SULFANILAMIDE	0.3055555555555556
947	185719	TERBUMETON-DESETHYL	5323	SULFADIMETHOXINE	0.30508474576271183
153	135121330	AMETOCTRADIN-HYDROCHLORID METABOLIT M650F06	564	AMINOCAPROIC ACID	0.30508474576271183
840	12056759	PROPOXYCARBAZONE SODIUM SALT	4622	OXIBENDAZOL	0.30487804878048785
303	5851439	CINIDON-ETHYL	3957	LORATADINE	0.30487804878048785
1069	13297	SUDAN I	4756	PHENAZOPYRIDINE HYDROCHLORIDE	0.30434782608695654
533	91731	FLUAZINAM	3397	FLUTAMIDE	0.30434782608695654
392	23676752	DIFLUFENZOPYR SODIUM SALT	4488	NIFLUMIC ACID	0.30434782608695654
628	10958189	IPROVALICARB	4006	MALOTILATE	0.3035714285714286
20	213031	FENHEXAMID	4477	NICLOSAMIDE	0.303030303030303
488	213031	FENHEXAMID	4477	NICLOSAMIDE	0.303030303030303
1066	91550	GLYCIDAMIDE	6883	ISOSORBIDE DINITRATE	0.303030303030303
402	135424353	DIMETHIRIMOL	26596	PARBENDAZOLE	0.303030303030303
167	91687	ANILOFOS	26937	CLOBUTINOL HYDROCHLORIDE	0.303030303030303
857	91750	PYRAZOSULFURON-ETHYL	6338045	ETOMIDATE	0.3026315789473685
332	6451137	CYCLOSULFAMURON	5323	SULFADIMETHOXINE	0.3026315789473685
864	8381	PYRIDAPHENTHION	40632	PIRFENIDONE	0.30188679245283023
223	9411	BROMACIL	71384	DEXRAZOXANE HYDROCHLORIDE	0.30188679245283023
967	38229	THIOFANOX-SULFOXIDE	4990	PYRICARBATE	0.30188679245283023
3	38229	THIOFANOX-SULFOXIDE	4990	PYRICARBATE	0.30188679245283023
571	91747	FLUXOFENIM	4235	MOCLOBEMIDE	0.3015873015873016
915	86160	SPIROXAMINE	66931399	GUANADREL SULFATE	0.3015873015873016
973	2804318	TIADINIL	4036	MECLOFENAMIC ACID SODIUM SALT MONOHYDRATE	0.3015873015873016
986	73282	TRIASULFURON	2727	CHLORPROPAMIDE	0.3013698630136986
783	11674113	PENFLUFEN	4906	PRILOCAINE HYDROCHLORIDE	0.3013698630136986
2	52999	METSULFURON-METHYL	5323	SULFADIMETHOXINE	0.3013698630136986
468	153974	ETOXAZOLE	5666	VILOXAZINE HYDROCHLORIDE	0.3013698630136986
724	52999	METSULFURON-METHYL	5323	SULFADIMETHOXINE	0.3013698630136986
283	91708	CHLORFLUAZURON	4488	NIFLUMIC ACID	0.3013698630136986
1010	11657899	TRITOSULFURON	5323	SULFADIMETHOXINE	0.3013698630136986
211	10234	BINAPACRYL	3397	FLUTAMIDE	0.3013698630136986
592	91743	HALOXYFOP-2-ETHOXYETHYL	2796	CLOFIBRATE	0.3013698630136986
909	54719924	SPIROMESIFEN-METABOLITE M01	2749	CICLOPIROX ETHANOLAMINE	0.30000000000000004
818	57472173	PROCHLORAZ METABOLITE BTS44596	5411	TETRACAINE HYDROCHLORIDE	0.30000000000000004
911	71312325	SPIROTETRAMAT METABOLIT BYI08330-CIS-KETO-HYDROXY	2749	CICLOPIROX ETHANOLAMINE	0.30000000000000004
872	91665	PYROQUILON	2202	ANTHRALIN	0.30000000000000004
772	39327	OXYFLUORFEN	4495	NIMESULIDE	0.30000000000000004
537	5483846	FLUCYCLOXURON (MIXTURE OF E AND Z)	4235	MOCLOBEMIDE	0.2987012987012987
502	9576412	FENPYROXIMATE	10767	AMYLEINE HYDROCHLORIDE	0.2987012987012987
1008	92421	TRINEXAPAC-ETHYL	5311309	NATEGLINIDE	0.29850746268656714
1012	6436604	UNICONAZOLE	5311454	STIRIPENTOL	0.29850746268656714
182	17531	AZINPHOS-ETHYL	5501	TODRALAZINE HYDROCHLORIDE	0.29850746268656714
709	105010	METHOXYFENOZIDE	71645	MEXENONE	0.29850746268656714
33	105010	METHOXYFENOZIDE	71645	MEXENONE	0.29850746268656714
517	9013425	FERIMZONE	4044	MEFENAMIC ACID	0.29824561403508776
270	312171	CHLORBENSID SULFOXIDE	2798	CLOFILIUM TOSYLATE	0.2978723404255319
705	5353758	METHOMYL	4990	PYRICARBATE	0.2978723404255319
196	62306	BENOXACOR	3702	INDAPAMIDE	0.29729729729729726
56	19079	2-(OCTYLSULFANYL)ETHAN-1-OL	3121	VALPROIC ACID	0.29729729729729726
754	33775	NORFLURAZON	3371	FLUFENAMIC ACID	0.296875
186	3034285	AZOXYSTROBIN	3282	ETHENZAMIDE	0.296875
326	17522	CYANOPHOS	44591583	CRISABOROLE	0.2962962962962963
328	9862076	CYAZOFAMID	3393610	CHLORAMINE-T HYDRATE	0.2962962962962963
948	108201	TERBUTHYLAZIN-DESETHYL	2783	CLENBUTEROL HYDROCHLORIDE	0.2962962962962963
298	2943	CHLORTHAL-DIMETHYL	3333	FELODIPINE	0.2962962962962963
815	73665	PROCHLORAZ	3957	LORATADINE	0.2962962962962963
452	27982	ETHEPHON  (2-CHLOROETHYL-	4668904	CLODRONATE DISODIUM	0.2962962962962963
273	25912	CHLORBROMURON	12124	METACETAMOL	0.2962962962962963
1002	23676736	TRIFLOXYSULFURON SODIUM SALT	4814	PICOTAMIDE MONOHYDRATE	0.2962962962962963
315	86453	CLORANSULAM-METHYL	3333	FELODIPINE	0.2954545454545454
436	21929	DRAZOXOLON	18087	CLOPIDOL	0.2954545454545454
264	17109	CHINOMETHIONAT; OXYTHIOQUINOX	40632	PIRFENIDONE	0.2954545454545454
837	3032571	PROPINEB (MIXTURE)	156610542	ISOMETHEPTENE MUCATE	0.2954545454545454
873	26124	QUINALPHOS	3295	ETHOXZOLAMIDE	0.29508196721311475
574	11419598	FORAMSULFURON	5323	SULFADIMETHOXINE	0.2948717948717948
316	86287519	CLOTHIANIDIN	5353831	NIZATIDINE	0.2948717948717948
268	11271640	CHLORANTRANILIPROL	28718	CLONIXIN LYSINATE	0.2948717948717948
218	11434448	BIXAFEN	4477	NICLOSAMIDE	0.2948717948717948
683	11409499	MESOSULFURON-METHYL	3488	GLIBENCLAMIDE	0.2947368421052632
46	7239	1,2-DICHLOROBENZENE	2812	CLOTRIMAZOLE	0.2941176470588235
1043	6734	ACENAPHTHENE	2202	ANTHRALIN	0.2941176470588235
581	86187	FURILAZOLE	19529	DILOXANIDE FUROATE	0.2941176470588235
595	13363033	HALOXYFOP-P-METHYL	156391	(S)-NAPROXEN	0.2941176470588235
593	50896	HALOXYFOP-METHYL	156391	(S)-NAPROXEN	0.2941176470588235
921	86426	SULFOSULFURON	2727	CHLORPROPAMIDE	0.29333333333333333
590	91763	HALOSULFURON-METHYL	5323	SULFADIMETHOXINE	0.29333333333333333
198	12932	BENSULIDE	3336	FENDILINE HYDROCHLORIDE	0.2931034482758621
276	22544	CHLORDIMEFORM	667466	CHLORPROTHIXENE HYDROCHLORIDE	0.2931034482758621
453	91596	ETHIDIMURON	1986	ACETAZOLAMIDE	0.2931034482758621
897	5018112	SEBUTHYLAZIN-DESETHYL	4993	PYRIMETHAMINE	0.2931034482758621
1009	6537961	TRITICONAZOLE	441383	TERCONAZOLE	0.29292929292929293
1020	7543	4,4-METHYLENE-BIS(2-CHLOROANILINE)	681	DOPAMINE HYDROCHLORIDE	0.29268292682926833
609	54744	IMAZAMETHABENZ-METHYL (MIXTURE OF ISOMERS)	3784	ISRADIPINE	0.29268292682926833
304	91745	CINMETHYLIN (MIXTURE OF ISOMERS)	4059	MEPHENESIN	0.29230769230769227
782	38479	PENDIMETHALIN	3397	FLUTAMIDE	0.29230769230769227
770	15604135	OXAZICLOMEFONE	5090	ROFECOXIB	0.29230769230769227
854	182951	PYRAFLUFEN-ETHYL	3957	LORATADINE	0.2921348314606742
759	14210	OMETHOATE	4990	PYRICARBATE	0.29166666666666663
546	62210	FLUMETRALIN	3397	FLUTAMIDE	0.29166666666666663
201	53297381	BENTHIAVALICARB-ISOPROPYL	35802	FLUBENDAZOL	0.2911392405063291
613	54739	IMAZAQUIN	2161	AMLEXANOX	0.2911392405063291
882	5053	RESMETHRIN	107751	RACECADOTRIL	0.2911392405063291
240	11826859	BUTAFENACIL	68591	TOLTRAZURIL	0.29032258064516125
660	21954	MALEIC HYDRAZIDE	967	OROTIC ACID	0.29032258064516125
1019	122087	ZOXAMIDE	610479	TOLFENAMIC ACID	0.29032258064516125
896	102234648	SAFLUFENACIL METABOLITE M800H35	11033	SULFACARBAMIDE	0.29032258064516125
916	23700840	SULCOFURON-SODIUM MONOHYDRATE	5564	TRICLOSAN	0.29032258064516125
1046	5954	BENZ[A]ANTHRACENE	7019	AMINACRINE	0.29032258064516125
642	41648	ISOURON	54766	BAMBUTEROL HYDROCHLORIDE	0.29032258064516125
677	86296	MEPANIPYRIM	193962	ETRAVIRINE	0.28985507246376807
261	86222	CARFENTRAZONE-ETHYL	2337	BENZOCAINE	0.28985507246376807
962	86389	THIFLUZAMIDE	3899	LEFLUNOMIDE	0.28985507246376807
961	73674	THIFENSULFURON-METHYL	5323	SULFADIMETHOXINE	0.2894736842105263
991	153909	TRIBENURON-METHYL	5323	SULFADIMETHOXINE	0.2894736842105263
1060	6579	ACRYLAMIDE	5665	VIGABATRIN HYDROCHLORIDE	0.2894736842105263
241	37419	BUTAMIFOS	3397	FLUTAMIDE	0.2894736842105263
738	14346876	N,N-DIMETHYL-2-SULFAMOYLNICOTINAMIDE	5333	SULFANILAMIDE	0.28888888888888886
369	37829	DICHLORMID	5665	VIGABATRIN HYDROCHLORIDE	0.28888888888888886
486	77338	FENCLORIM	13738	OXOLAMINE CITRATE SALT	0.28888888888888886
474	23668198	FENAMINOSULF	3393610	CHLORAMINE-T HYDRATE	0.28888888888888886
572	8607	FOLPET	5426	THALIDOMIDE	0.28888888888888886
247	16181	BUTYLAT	5486971	PREGABALIN	0.28888888888888886
117	2735104	4-NITROPHENOL SODIUM SALT DIHYDRATE	5959	CHLORAMPHENICOL	0.28846153846153844
407	6433329	DIMETHYLVINPHOS	5564	TRICLOSAN	0.28846153846153844
585	53597	GLUFOSINATE-AMMONIUM	134669	FUDOSTEINE	0.28846153846153844
382	241753	DICYCLOHEXYLAMMONIUM NITRITE	1989	ACETOHEXAMIDE	0.28846153846153844
801	3033834	PHOSPHAMIDON (MIXTURE OF E AND Z ISOMERS)	5497	NIKETHAMIDE	0.28846153846153844
551	36392	FLUOCHLORALIN	3397	FLUTAMIDE	0.28787878787878785
279	91778	CHLORFENAPYR	2796	CLOFIBRATE	0.28787878787878785
804	11285653	PICOXYSTROBIN	4990	PYRICARBATE	0.28787878787878785
717	23676739	METOLACHLOR ESA SODIUM SALT	4178	MEXILETINE HYDROCHLORIDE	0.28787878787878785
907	177863	SPIRODICLOFEN	2796	CLOFIBRATE	0.28767123287671237
535	11193251	FLUBENDIAMID	3899	LEFLUNOMIDE	0.2875
192	54886	BENFURACARB	54892	QUINAPRIL HYDROCHLORIDE	0.28712871287128716
560	86417	FLUQUINCONAZOLE	3365	FLUCONAZOLE	0.2857142857142857
229	20965	BROMOPHOS-ETHYL	3561	HALOPROGIN	0.2857142857142857
582	43359	FURMECYCLOX	2749	CICLOPIROX ETHANOLAMINE	0.2857142857142857
318	1787910	CODLEMONE	3686	IDEBENONE	0.2857142857142857
910	9969573	SPIROTETRAMAT	4507	NITRENDIPINE	0.2857142857142857
831	16213016	PROPAQUIZAFOP	4039	MECLOFENOXATE HYDROCHLORIDE	0.2857142857142857
614	54740	IMAZETHAPYR	4831	PIPEMIDIC ACID	0.2857142857142857
259	41384	CARBOSULFAN	5411	TETRACAINE HYDROCHLORIDE	0.2857142857142857
403	3082	DIMETHOATE	4990	PYRICARBATE	0.2857142857142857
48	12463	1,2,3,4-TETRACHLOROBENZENE	3878	LAMOTRIGINE	0.2857142857142857
627	37517	IPRODION	444	BUPROPION HYDROCHLORIDE	0.2857142857142857
300	10372	CHLORTHION	4485	NIFEDIPINE	0.2857142857142857
544	91766	FLUFENOXURON	3371	FLUFENAMIC ACID	0.2857142857142857
540	86429	FLUFENACET	3114	DISOPYRAMIDE	0.2857142857142857
846	91751	PROSULFURON	5717	ZAFIRLUKAST	0.2857142857142857
427	112547236	DIQUAT METABOLITE TOPPS	4909	PRIMIDONE	0.2857142857142857
805	210326	PINOXADEN	3105	DIPIVEFRIN HYDROCHLORIDE	0.2857142857142857
776	16218602	PARAQUAT DICHLORIDE HYDRATE	4991	PYRIDOSTIGMINE IODIDE	0.2857142857142857
784	11784975	PENOXSULAM	5326	SULFAMETER	0.28395061728395066
807	32230	PIPEROPHOS	175805	ROPIVACAINE HYDROCHLORIDE	0.28378378378378377
200	2328	BENTAZON	3718	INDOPROFEN	0.2833333333333333
277	12336279	CHLORDIMEFORM HYDROCHLORIDE	667466	CHLORPROTHIXENE HYDROCHLORIDE	0.2833333333333333
479	26597	FENAZAFLOR	8361	PHENYL SALICYLATE	0.28301886792452835
510	19578	FENTHION-SULFONE	2194	ANETHOLE-TRITHIONE	0.28301886792452835
226	6107844	BROMFENVINPHOS-METHYL	5564	TRICLOSAN	0.28301886792452835
420	8766	DIPHENYL SULFIDE	3334	FENBENDAZOLE	0.28260869565217395
647	28935	JODFENPHOS	3561	HALOPROGIN	0.28260869565217395
414	5284389	DINOCAP (MIXTURE OF ISOMERS)	5281081	ENTACAPONE	0.2823529411764706
999	6535	TRIETHYL PHOSPHATE	4754	PHENACETIN	0.28205128205128205
570	16095400	FLUXAPYROXAD	54676228	PIROXICAM	0.28205128205128205
168	736366	ANTU	7019	AMINACRINE	0.28205128205128205
937	11556911	TEMBOTRIONE	3965	LOXOPROFEN	0.28205128205128205
978	135492483	TRALKOXYDIM	2749	CICLOPIROX ETHANOLAMINE	0.2816901408450704
564	54745	FLUROXYPYR-1-METHYLHEPTYL ESTER	3316	EXALAMIDE	0.2816901408450704
132	11344811	ACETAMIPRID-N-DESMETHYL	2756	CIMETIDINE	0.2816901408450704
924	37125	SULPROFOS	2082	ALBENDAZOLE	0.2816901408450704
989	32184	TRIAZOPHOS (MIXTURE)	6338045	ETOMIDATE	0.28125
357	14127923	DESNITRO-IMIDACLOPRID HYDROCHLORIDE	2782	CLEMIZOLE HYDROCHLORIDE	0.28125
822	12001831	PROHEXIADIONE-CALCIUM	16204478	CLAVULANATE POTASSIUM SALT	0.2807017543859649
1011	199948	TRITOSULFURONE METABOLITE M635H004	5323	SULFADIMETHOXINE	0.2807017543859649
354	185602	DESMETHYL-FORMAMIDO-PIRIMICARB	4991	PYRIDOSTIGMINE IODIDE	0.2807017543859649
237	50367	BUPROFEZIN	4021	EDARAVONE	0.2807017543859649
820	33500	PROFLURALIN	3941250	NITROCARAMIPHEN HYDROCHLORIDE	0.28
187	104926	BAYTHROID (MIXTURE OF ISOMERS)	156610540	FENOPROFEN CALCIUM SALT DIHYDRATE	0.28
618	123622	IMIPROTHRIN (MIXTURE OF ISOMERS)	5233	SOBUZOXANE	0.28
207	56608859	BETA-CYFLUTHRIN	156610540	FENOPROFEN CALCIUM SALT DIHYDRATE	0.28
508	26449	FENTHION OXON SULFONE	5467	TIAPRIDE HYDROCHLORIDE	0.27941176470588236
653	16559	LENACIL	16363	BENPERIDOL	0.27941176470588236
460	33360	ETHOFUMESATE	14130	BUCETIN	0.27941176470588236
735	5365075	MUSCALURE	2798	CLOFILIUM TOSYLATE	0.2790697674418605
640	25271089	ISOPYRAZAM	5284566	GRANISETRON	0.2790697674418605
130	1982	ACEPHATE	1983	ACETAMINOPHEN	0.2790697674418605
1034	5284461	T-2 TOXIN	23817954	JOSAMYCIN	0.2789115646258503
470	37995	ETRIMFOS (MIXTURE)	3280	ETHAVERINE HYDROCHLORIDE	0.2786885245901639
903	12654	SIMETON	4908	PRIMAQUINE DIPHOSPHATE	0.2786885245901639
611	91770	IMAZAPIC	2161	AMLEXANOX	0.2784810126582279
122	98491	4,4-DDMU	667476	DIENESTROL	0.2777777777777778
144	9576091	ALANYCARB	2031	ADIPHENINE HYDROCHLORIDE	0.2777777777777778
853	6422843	PYRACLOSTROBIN	4039	MECLOFENOXATE HYDROCHLORIDE	0.2777777777777778
327	11578610	CYANTRANILIPROLE	28718	CLONIXIN LYSINATE	0.27710843373493976
263	30913	CARTAP HYDROCHLORIDE	3077	DIMAPRIT DIHYDROCHLORIDE	0.276595744680851
787	11388558	PENTHIOPYRAD	3899	LEFLUNOMIDE	0.2763157894736842
1050	9117	BENZO[G,H,I]PERYLENE	7019	AMINACRINE	0.27586206896551724
969	9272	THIONAZIN	3280	ETHAVERINE HYDROCHLORIDE	0.27586206896551724
1051	9154	FLUORANTHENE 	4760	PHENINDIONE	0.27586206896551724
622	16760189	IODOSULFURON-METHYL-SODIUM	5323	SULFADIMETHOXINE	0.275
181	86355	AZIMSULFURON	5323	SULFADIMETHOXINE	0.275
145	9570071	ALDICARB	4990	PYRICARBATE	0.27450980392156865
877	3391107	QUINOXYFEN	5564	TRICLOSAN	0.27450980392156865
819	38779	PROFENOFOS	2796	CLOFIBRATE	0.27419354838709675
359	3017	DIAZINON	5531	TRAPIDIL	0.27419354838709675
1035	5281576	ZEARALENONE	9064	CIANIDANOL	0.273972602739726
321	2871	COUMAPHOS	2796	CLOFIBRATE	0.2727272727272727
469	17432	ETRIDIAZOL	3280	ETHAVERINE HYDROCHLORIDE	0.2727272727272727
1044	9161	ACENAPHTHYLENE 	2554	CARBAMAZEPINE	0.2727272727272727
913	54708610	SPIROTETRAMAT METABOLITE BYI08330-CIS-ENOL	4463	NEVIRAPINE	0.2727272727272727
711	8315	METHYL DICHLOROACETATE	60606	CLOPIDOGREL	0.2727272727272727
799	4793	PHOSALONE	2796	CLOFIBRATE	0.2727272727272727
863	92316	PYRIDAFOL	28871	FENTIAZAC	0.2727272727272727
658	4004	MALATHION	31072	CARBIMAZOLE	0.2727272727272727
603	39965	HEXAZINONE	2749	CICLOPIROX ETHANOLAMINE	0.27118644067796616
434	61899	DODEMORPH (MIXTURE OF CIS AND TRANS ISOMERS)	54260	AMOROLFINE HYDROCHLORIDE	0.27118644067796616
418	19657	DIOXABENZOFOS	667477	DOXEPIN HYDROCHLORIDE	0.27118644067796616
509	23047	FENTHION OXON SULFOXIDE	4474062	FLOSEQUINAN	0.27118644067796616
342	86367	CYPRODINIL	904	ACETANILIDE	0.27083333333333337
307	92431	CLODINAFOP-PROPARGYL	4039	MECLOFENOXATE HYDROCHLORIDE	0.2702702702702703
364	3031	DICHLOBENIL	5353646	GUANABENZ ACETATE	0.2702702702702703
984	16004663	TRIAFAMONE	5323	SULFADIMETHOXINE	0.2702702702702703
426	14808864	DIQUAT METABOLITE DIPYRIDONE	2202	ANTHRALIN	0.2702702702702703
764	91726	OXABETRINIL	5666	VILOXAZINE HYDROCHLORIDE	0.2698412698412699
768	9595287	OXAMYL	4990	PYRICARBATE	0.2692307692307693
996	39040	TRICYCLAZOLE	78094	CRESOPIRINE	0.2692307692307693
506	3346	FENTHION	2194	ANETHOLE-TRITHIONE	0.2692307692307693
147	9568700	ALDICARB-SULFOXIDE	4990	PYRICARBATE	0.2692307692307693
301	30859	CHLORTHIOPHOS (MIXTURE OF ISOMERS)	3561	HALOPROGIN	0.2692307692307693
957	86290107	THIACLOPRID-AMID	3351	FIPEXIDE HYDROCHLORIDE	0.2692307692307693
146	9570093	ALDICARB-SULFONE	4990	PYRICARBATE	0.2692307692307693
335	135515530	CYFLUFENAMID	10391	BECLAMIDE	0.26865671641791045
183	2268	AZINPHOS-METHYL	5501	TODRALAZINE HYDROCHLORIDE	0.26865671641791045
956	115224	THIACLOPRID	2782	CLEMIZOLE HYDROCHLORIDE	0.26865671641791045
28	21202	HMDI	5526	TRANEXAMIC ACID	0.2682926829268293
605	21202	HMDI	5526	TRANEXAMIC ACID	0.2682926829268293
940	7873	TEPP	4754	PHENACETIN	0.2682926829268293
472	5859	FAMPHUR	4911	PROBENECID	0.2678571428571429
741	15148	NAFTALOFOS	4754	PHENACETIN	0.2678571428571429
669	17434	MECARBAM	31072	CARBIMAZOLE	0.2678571428571429
352	28213	DEMETON-S-METHYL-SULFON	5479	TINIDAZOLE	0.2678571428571429
162	10238657	AMISULBROM	4474062	FLOSEQUINAN	0.2676056338028169
1006	92434	TRIFLUSULFURON-METHYL	3478	GLIPIZIDE	0.26732673267326734
235	2450	BRONOPOL	4173	METRONIDAZOLE	0.2666666666666667
125	108227	5-HYDROXYTHIABENDAZOLE	5202	SEROTONIN HYDROCHLORIDE	0.2666666666666667
512	12540	FENTIN CHLORIDE	904	ACETANILIDE	0.2666666666666667
511	19577	FENTHIONSULFOXIDE	4474062	FLOSEQUINAN	0.2666666666666667
1038	14223	DMNA (N-NITROSODIETHANOLAMINE)	3053	PENTETIC ACID	0.2666666666666667
1049	9198	BENZO[B]NAPHTHO[2,1-D]THIOPHENE	4436	NAPHAZOLINE HYDROCHLORIDE	0.2666666666666667
577	91758	FOSTHIAZATE	5284583	LEVETIRACETAM	0.265625
399	31573	DIMETHAMETRYN	71169	ISAXONINE	0.26530612244897955
411	6086269	DINICONAZOL (MIXTURE OF Z AND E)	441383	TERCONAZOLE	0.26530612244897955
992	5853	TRICHLORPHON	4668904	CLODRONATE DISODIUM	0.2647058823529411
932	93516	TEBUPIRIMFOS	6338045	ETOMIDATE	0.2647058823529411
13	83975	TETRAMETHRIN	115163	PIVMECILLINAM HYDROCHLORIDE	0.26436781609195403
954	83975	TETRAMETHRIN	115163	PIVMECILLINAM HYDROCHLORIDE	0.26436781609195403
657	15415	MALAOXON	2337	BENZOCAINE	0.26415094339622647
242	36879	BUTOCARBOXIM	4990	PYRICARBATE	0.26415094339622647
914	9879500	SPIROTETRAMAT METABOLITE BYI08330-MONO-HYDROXY	2749	CICLOPIROX ETHANOLAMINE	0.26388888888888884
236	38884	BUPIRIMATE	5522	TRACAZOLATE HYDROCHLORIDE	0.26249999999999996
958	5821911	THIAMETHOXAM	3090	DIMETRIDAZOLE	0.2622950819672131
987	86306	TRIAZAMATE	2796	CLOFIBRATE	0.2615384615384615
630	39223	ISAZOPHOS	6338045	ETOMIDATE	0.2615384615384615
578	19756	FUBERIDAZOL	3883	LANSOPRAZOLE	0.2615384615384615
610	86137	IMAZAMOX	4831	PIPEMIDIC ACID	0.26136363636363635
558	16752772	FLUPYRADIFURONE	25295	CHLOROPYRAMINE HYDROCHLORIDE	0.26086956521739135
624	4116597	IOXYNIL-METHYL	44564	LODOXAMIDE	0.26086956521739135
1015	39676	VINCLOZOLIN	5576	TRIMETHADIONE	0.26
908	9907412	SPIROMESIFEN	3463	GEMFIBROZIL	0.2597402597402597
755	93541	NOVALURON	3397	FLUTAMIDE	0.2597402597402597
1054	31423	PYRENE	7099	PROFLAVINE HEMISULFATE	0.2592592592592593
461	590774	ETHOFUMESATE-2 KETO	2197	ANISINDIONE	0.2592592592592593
244	9571009	BUTOXYCARBOXIM	4990	PYRICARBATE	0.2592592592592593
895	102234647	SAFLUFENACIL METABOLITE M800H11	35935	PIRPROFEN	0.2592592592592593
243	9576739	BUTOCARBOXIMSULFOXIDE	4990	PYRICARBATE	0.2592592592592593
785	10693	PENTACHLOROANILINE	7019	AMINACRINE	0.2592592592592593
852	11563984	PYRACLONIL	4380	CLORGYLINE HYDROCHLORIDE	0.2592592592592593
429	17241	DISULFOTON-SULFONE	5479	TINIDAZOLE	0.2586206896551724
156	153920	AMICARBAZONE	444	BUPROPION HYDROCHLORIDE	0.25806451612903225
63	8453	2-IMIDAZOLIDINON	449215	D-CYCLOSERINE	0.25806451612903225
1047	2336	BENZO[A]PYRENE	7019	AMINACRINE	0.2571428571428571
766	29732	OXADIAZON	3747	IPRIFLAVONE	0.2571428571428571
1048	9153	BENZO[B]FLUORANTHENE	7019	AMINACRINE	0.2571428571428571
14	2336	BENZO[A]PYRENE	7019	AMINACRINE	0.2571428571428571
380	3081364	DICYCLANIL	441300	ABACAVIR SULFATE	0.2571428571428571
545	6033664	FLUMETHRIN	156610540	FENOPROFEN CALCIUM SALT DIHYDRATE	0.25609756097560976
89	34217	2,4,5-TRICHLORO-6-HYDROXYISOPHTHALONITRI	44564	LODOXAMIDE	0.2558139534883721
230	16422	BROMOPHOS-METHYL	3561	HALOPROGIN	0.25531914893617025
251	8606	CAPTAN	6839	PHENSUXIMIDE	0.25531914893617025
163	36324	AMITRAZ; NSC 324552	3393610	CHLORAMINE-T HYDRATE	0.25531914893617025
32	36324	AMITRAZ; NSC 324552	3393610	CHLORAMINE-T HYDRATE	0.25531914893617025
998	15951	TRIETAZINE	5497	NIKETHAMIDE	0.2549019607843137
296	21803	CHLORPYRIPHOS-METHYL	6301	CHLORQUINALDOL	0.2549019607843137
679	13707	MEPHOSFOLAN	5666	VILOXAZINE HYDROCHLORIDE	0.25396825396825395
606	5281875	HYDRAMETHYLNON	3899	LEFLUNOMIDE	0.2533333333333333
459	9930667	ETHIPROLE	54677977	TERIFLUNOMIDE	0.2533333333333333
656	71777	LUFENURON	151166	LUMIRACOXIB	0.25316455696202533
193	3034378	BENFURESATE	3001028	ESTROPIPATE PIPERAZINE SALT	0.25316455696202533
938	71312470	TEMBOTRIONE METABOLITE AE 1417268	114811	FLORFENICOL	0.2530120481927711
901	9881821	SILTHIOFAM	43008	ALIZAPRIDE HYDROCHLORIDE	0.25287356321839083
706	5366546	METHOPRENE	5311221	LATANOPROST	0.25274725274725274
749	16004	NITRAPYRIN	938	NIACIN	0.25
621	107720	INDOXACARB	3957	LORATADINE	0.25
1063	4650	1,4-BENZOQUINONE	3194	EBSELEN	0.25
834	5372405	PROPETAMPHOS	4006	MALOTILATE	0.25
1018	8722	ZIRAM	4091	METFORMIN HYDROCHLORIDE	0.25
568	93542	FLUTHIACET-METHYL	2467	BUFLOMEDIL HYDROCHLORIDE	0.25
737	9903739	N-DESMETHYLTHIAMETHOXAM	6093	NIRIDAZOLE	0.25
431	18771	DITHIANON	3194	EBSELEN	0.25
602	91741	HEXAFLUMURON	444	BUPROPION HYDROCHLORIDE	0.25
249	91752	CADUSAFOS	3606	HEXESTROL	0.25
867	9948894	PYRIFTALID	5323	SULFADIMETHOXINE	0.25
869	6451139	PYRIMIDIFEN	3830	KINETIN	0.25
902	5216	SIMAZIN	5497	NIKETHAMIDE	0.25
1031	40024	DEOXYNIVALENOL	5753	CORTICOSTERONE	0.25
210	6442842	BIFENTHRIN	5311217	LACIDIPINE	0.2471910112359551
821	135618618	PROFOXYDIM	2724	CHLORPHENSIN CARBAMATE	0.2471910112359551
941	135585373	TEPRALOXYDIM	23897	MOLINDONE HYDROCHLORIDE	0.24705882352941178
29	36584	TERBUMETON	4908	PRIMAQUINE DIPHOSPHATE	0.24637681159420288
847	6451142	PROTHIOCONAZOLE	5472	TICLOPIDINE HYDROCHLORIDE	0.24637681159420288
946	36584	TERBUMETON	4908	PRIMAQUINE DIPHOSPHATE	0.24637681159420288
295	2730	CHLORPYRIPHOS	3333	FELODIPINE	0.24637681159420288
949	22206	TERBUTHYLAZINE	2783	CLENBUTEROL HYDROCHLORIDE	0.24561403508771928
185	91634	AZOCYCLOTIN	2749	CICLOPIROX ETHANOLAMINE	0.24528301886792447
584	6466	GIBBERELLIC ACID; GA3; GIBBERELLIN A3	9878	FLUOROMETHOLONE	0.2450980392156863
462	3289	ETHOPROPHOS; ETHOPROP	3282	ETHENZAMIDE	0.24444444444444446
347	87207	DALAPONE-METHYL	2796	CLOFIBRATE	0.24444444444444446
440	92170	ENDOSULFAN ALCOHOL	7427	TREHALOSE DIHYDRATE	0.24390243902439024
149	23424322	ALLOXYDIM-NA	11980942	VERTEPORFIN	0.24193548387096775
165	24482	AMMONIUM SULFAMATE	5333	SULFANILAMIDE	0.24137931034482762
894	11329250	SAFLUFENACIL METABOLITE M800H02	2577	CARMOFUR	0.24137931034482762
416	100958102	DINOTEFURAN	5526	TRANEXAMIC ACID	0.24137931034482762
518	9933690	FIPRONIL CARBOXAMIDE	1046	PYRAZINAMIDE	0.24137931034482762
43	5284505	1,1,1-TRICHLORO-2-METHYL-2-PROPANOL HEMIHYDRATE	4668904	CLODRONATE DISODIUM	0.24137931034482762
137	86412	ACIBENZOLAR-S-METHYL	16684927	THIMEROSAL	0.2407407407407407
733	23666830	MONOSULTAP	288	LEVOCARNITINE	0.24
520	3078139	FIPRONIL SULFONE	2662	CELECOXIB	0.24
985	5543	TRIALLAT	7029	AMFEPRAMONE HYDROCHLORIDE	0.24
349	10788	DAZOMET; THIADIAZINE	4822	PIMETHIXENE MALEATE	0.23913043478260865
951	135495928	TERBUTYLAZINE-2-HYDROXY	4622	OXIBENDAZOL	0.23880597014925375
980	656612	TRANSFLUTHRIN	4990	PYRICARBATE	0.23809523809523814
507	23046	FENTHION OXON	156391	(S)-NAPROXEN	0.23728813559322037
306	135491728	CLETHODIM (MIXTURE OF ISOMERS)	104838	IMIPENEM	0.23711340206185572
968	12541	THIOMETON IN SHELLSOL	3117	DISULFIRAM	0.23684210526315785
333	135438605	CYCLOXYDIM	107807	PERINDOPRIL	0.23655913978494625
6	41718	TERBUFOS-SULFONE	2796	CLOFIBRATE	0.23636363636363633
389	39424	DIFENZOQUAT METHYLSULFATE	3393610	CHLORAMINE-T HYDRATE	0.23636363636363633
944	41718	TERBUFOS-SULFONE	2796	CLOFIBRATE	0.23636363636363633
919	77797	SULFLURAMID	66265	DEXFENFLURAMINE HYDROCHLORIDE	0.23636363636363633
30	5383	TEBUTHIURON	4990	PYRICARBATE	0.23636363636363633
934	5383	TEBUTHIURON	4990	PYRICARBATE	0.23636363636363633
521	22673275	FIPRONIL-DESULFINYL	456389	DICLAZURIL	0.23611111111111116
974	91664	TOLCLOFOS-METHYL	78094	CRESOPIRINE	0.23529411764705888
536	5372194	FLUBENZIMIN	40632	PIRFENIDONE	0.23529411764705888
960	11205153	THIENCARBAZONE-METHYL	32170	ARTICAINE HYDROCHLORIDE	0.23529411764705888
458	3286	ETHION	3117	DISULFIRAM	0.23529411764705888
620	44146693	INDAZIFLAM	6179	MEBANAZINE	0.23529411764705888
893	11571392	SAFLUFENACIL	35935	PIRPROFEN	0.23529411764705888
1033	4696	PATULIN	5905	IDOXURIDINE	0.234375
212	15558638	BIOALLETHRIN	10041070	ALTRENOGEST	0.23404255319148937
150	5971	ALLYL ISO-THIOCYANATE (STABILIZED)	2481	BUTALBITAL	0.23404255319148937
513	6327657	FENTIN HYDROXIDE	4760	PHENINDIONE	0.23333333333333328
922	19395	SULFOTEP	31072	CARBIMAZOLE	0.2325581395348837
899	135491830	SETHOXYDIM	107807	PERINDOPRIL	0.2315789473684211
654	30709	LEPTOPHOS	3561	HALOPROGIN	0.23076923076923073
731	5371562	MONOCROTOPHOS	4990	PYRICARBATE	0.23076923076923073
250	17038	CAPTAFOL	6839	PHENSUXIMIDE	0.23076923076923073
796	17425	PHORAT-SULFONE	2478	BUSULFAN	0.23076923076923073
180	71482	AZAMETHIPHOS	50942	DOXOFYLLINE	0.22972972972972971
339	5364079	CYMOXANIL	2727	CHLORPROPAMIDE	0.2295081967213115
62	2723650	2-IMIDAZOLIDINETHION	5504	TOLAZOLINE HYDROCHLORIDE	0.22857142857142854
27	2723650	2-IMIDAZOLIDINETHION	5504	TOLAZOLINE HYDROCHLORIDE	0.22857142857142854
557	11048796	FLUOXASTROBIN	123631	GEFITINIB	0.2277227722772277
393	213011	DIMEFLUTHRIN	35455	FEPRAZONE	0.2272727272727273
629	91590	IRGAROLR	119570	PRAMIPEXOLE DIHYDROCHLORIDE	0.2272727272727273
633	12310946	ISODRINE	126280	INDATRALINE HYDROCHLORIDE	0.2264150943396226
148	2087	ALDRIN	126280	INDATRALINE HYDROCHLORIDE	0.2264150943396226
539	86398	FLUDIOXONIL	4197	MILRINONE	0.22580645161290325
22	162117	THIOSULTAP DISODIUM	77991	RIVASTIGMINE	0.22413793103448276
971	162117	THIOSULTAP DISODIUM	77991	RIVASTIGMINE	0.22413793103448276
1017	3032296	ZINEB (MIXTURE)	8197	TETRAETHYLENEPENTAMINE PENTAHYDROCHLORIDE	0.2222222222222222
663	5075889	MANEB (MANGANESE ETHYLENEBIS &	8197	TETRAETHYLENEPENTAMINE PENTAHYDROCHLORIDE	0.2222222222222222
442	145710	ENDOSULFAN LACTONE	449215	D-CYCLOSERINE	0.2222222222222222
904	13905	SIMETRYN	2366	BETAHISTINE MESYLATE	0.2222222222222222
366	14145	DICHLOFLUANID	10767	AMYLEINE HYDROCHLORIDE	0.22033898305084743
812	9839306	PRALLETHRIN	24776142	FUSIDIC ACID SODIUM SALT	0.22018348623853212
698	3001858	METHAM-NA DIHYDRATE	4990	PYRICARBATE	0.2195121951219512
977	11302979	TOPRAMEZONE	18680317	AMINOPHYLLINE	0.2191780821917808
739	6228	N,N-DIMETHYLFORMAMIDE	2123	ALTRETAMINE	0.21739130434782605
841	2777312	PROPYLENE THIOUREA	135398654	SAPROPTERIN DIHYDROCHLORIDE	0.21666666666666667
325	30773	CYANAZIN	4826	PINACIDIL MONOHYDRATE	0.2153846153846154
945	25355	TERBUFOS-SULFOXIDE	2796	CLOFIBRATE	0.2142857142857143
1056	9554	PFOA (PERFLUOROOCTANOIC ACID)	2797	CLOFIBRIC ACID	0.2142857142857143
661	13307026	MANCOZEB	8197	TETRAETHYLENEPENTAMINE PENTAHYDROCHLORIDE	0.2142857142857143
1057	67821	PFNA (PERFLUORONONANOIC ACID)	2797	CLOFIBRIC ACID	0.2142857142857143
1055	67818	PFHPA (PERFLUOROHEPTANOIC ACID)	2797	CLOFIBRIC ACID	0.2142857142857143
1058	9555	PFDEA (PERFLUORODECANOIC ACID)	2797	CLOFIBRIC ACID	0.2142857142857143
549	92425	FLUMIOXAZIN	441401	LINEZOLID	0.2134831460674157
599	62773	HEPTENOPHOS	2780	CLEBOPRIDE MALEATE	0.21250000000000002
701	13709	METHIDATHION	4045	MEFEXAMIDE HYDROCHLORIDE	0.21212121212121215
965	9601227	THIODICARB	4991	PYRIDOSTIGMINE IODIDE	0.21153846153846156
1007	33565	TRIFORIN	1547484	CINNARIZINE	0.21153846153846156
650	441071	L-STRYCHNINE	6839	PHENSUXIMIDE	0.21126760563380287
291	15910	CHLOROTHALONIL	44564	LODOXAMIDE	0.21052631578947367
859	71310221	PYRETHRUM EXTRACT	11980942	VERTEPORFIN	0.21052631578947367
275	71312397	CHLORDEN	2763	CIPROFIBRATE	0.21052631578947367
425	115268	DIQUAT DIBROMIDE MONOHYDRATE	26070	TRANYLCYPROMINE HYDROCHLORIDE	0.21052631578947367
950	13450	TERBUTRYN	73707356	TERBUTALINE HEMISULFATE	0.21052631578947367
443	13940	ENDOSULFAN SULFATE	6883	ISOSORBIDE DINITRATE	0.2093023255813954
267	8371	CHLORANIL	18087	CLOPIDOL	0.20833333333333337
1028	13040187	BETA-HBCD	21249869	ADAMANTAMINE FUMARATE	0.20833333333333337
1029	11377211	GAMMA-HBCD	21249869	ADAMANTAMINE FUMARATE	0.20833333333333337
1027	11763618	ALPHA-HBCD	21249869	ADAMANTAMINE FUMARATE	0.20833333333333337
519	9953940	FIPRONIL SULFIDE	456389	DICLAZURIL	0.20779220779220775
797	17424	PHORAT-SULFOXIDE	31072	CARBIMAZOLE	0.2075471698113207
8	8295	TRIS(BETA-CHLOROETHYL) PO4	2478	BUSULFAN	0.2068965517241379
379	5371560	DICROTOPHOS	688020	CROTAMITON	0.2068965517241379
1072	8295	TRIS(BETA-CHLOROETHYL) PO4	2478	BUSULFAN	0.2068965517241379
936	11350631	TEFLUTHRIN (MIXTURE OF ISOMERS)	115163	PIVMECILLINAM HYDROCHLORIDE	0.2065217391304348
798	4790	PHORATE	3117	DISULFIRAM	0.20512820512820518
439	3224	ENDOSULFAN	449215	D-CYCLOSERINE	0.20454545454545459
886	518659	S 421	3516	GUAIFENESIN	0.20454545454545459
943	25670	TERBUFOS  (S-TERT.-BUTYL- THIOME	2796	CLOFIBRATE	0.20370370370370372
678	56841697	MEPERFLUTHRIN	4990	PYRICARBATE	0.203125
696	3034435	METHACRIFOS	2244	ACETYLSALICYLIC ACID	0.19999999999999996
428	3118	DISULFOTON	3117	DISULFIRAM	0.19999999999999996
441	97768	ENDOSULFAN ETHER	449215	D-CYCLOSERINE	0.19999999999999996
430	17242	DISULFOTON-SULFOXIDE	31072	CARBIMAZOLE	0.19999999999999996
360	4420	DIBROM	3339	FENOFIBRATE	0.19298245614035092
375	3039	DICHLORVOS; DDVP	11289	CHLOROTRIANISENE	0.19047619047619047
600	8370	HEXACHLOROBENZENE	18087	CLOPIDOL	0.19047619047619047
878	6720	QUINTOZEN	3090	DIMETRIDAZOLE	0.18918918918918914
228	15583	BROMOCYCLEN	2763	CIPROFIBRATE	0.18644067796610164
723	30479	METRIBUZIN	18680317	AMINOPHYLLINE	0.18518518518518523
383	969491	DIELDRIN	21249869	ADAMANTAMINE FUMARATE	0.1842105263157895
444	12358480	ENDRIN	21249869	ADAMANTAMINE FUMARATE	0.1842105263157895
45	7839	1,2-DIBROMOETHAN	3053	PENTETIC ACID	0.18181818181818177
699	4096	METHAMIDOPHOS	5486971	PREGABALIN	0.18181818181818177
928	26177	TDCPP	1993	METHACHOLINE CHLORIDE	0.17500000000000004
891	16212229	S-METOLACHLOR METABOLITE CGA 37735	444	BUPROPION HYDROCHLORIDE	0.16666666666666663
635	9576097	ISOMETHIOZIN	2481	BUTALBITAL	0.16176470588235292
712	11167	METHYL-ISO-THIOCYANATE	1349907	METHIMAZOLE	0.16129032258064513
714	409301	METHYLMERCURY CHLORIDE	18087	CLOPIDOL	0.16000000000000003
44	7280	1,2-DIBROMO-3-CHLOROPROPANE	28061	ORNIDAZOLE	0.1568627450980392
596	3589	HEPTACHLOR	2763	CIPROFIBRATE	0.15254237288135597
151	17357	ALODAN	5210	SIBUTRAMINE HYDROCHLORIDE	0.15094339622641506
598	16212247	HEPTACHLOR EXO-EPOXIDE (ISOMER B)	64139	EFAVIRENZ	0.13636363636363635
597	16212294	HEPTACHLOR ENDO-EPOXIDE (ISOMER A)	64139	EFAVIRENZ	0.13636363636363635
274	299	CHLORDECON; KEPONE	18087	CLOPIDOL	0.12903225806451613
697	712	METHALDEHYDE	5665	VIGABATRIN HYDROCHLORIDE	0.12121212121212122
384	16686	DIENOCHLOR	18087	CLOPIDOL	0.1071428571428571
728	16945	MIREX	5210	SIBUTRAMINE HYDROCHLORIDE	0.06666666666666665
923	5362487	SULFUR	47641	NAFTIFINE HYDROCHLORIDE	0.02631578947368418
